Shipping_Address_ID,Shipping_Address,City,State,Postal_Code,Country
0,"PSC 2224, Box 2284
APO AP 65880",Jordanborough,Arkansas,27879,Kuwait
1,"83909 Johnson Mall
Tranberg, MS 99017",Lake Ginatown,Georgia,39336,Saint Vincent and the Grenadines
2,"82101 Johnson Flat
West Ryan, MS 29075",Sarahville,Ohio,30845,France
3,"4542 Gary Lane
South Alexander, VI 27671",Lake Michelle,Arkansas,30955,Sao Tome and Principe
4,"6794 Caroline Crescent
East Karlside, GU 81379",Olsenville,Mississippi,45429,Croatia
5,"PSC 0419, Box 9123
APO AP 47991",Priceville,South Dakota,96819,Peru
6,"9400 Angela Motorway
Joannaborough, OR 84735",West Peter,Nevada,82007,Solomon Islands
7,"63672 Raymond Mill
Cobbview, SD 63353",East Kevin,Maine,52315,Ireland
8,"859 Cohen Brook Apt. 295
Hardyfort, FM 49293",Crystalborough,New Jersey,27390,Portugal
9,"1844 Amy Court
Cristinaport, FM 00824",Heathermouth,Nebraska,30613,Australia
10,"2263 Campbell Ville Apt. 134
North Theresa, MD 97457",New Garybury,Washington,58038,Myanmar
11,"0489 Tony Burg Suite 682
Brentland, LA 95298",Christopherview,Kentucky,22744,Korea
12,"676 Maurice Path
Lake Lisaborough, SD 06695",East Nathanielville,Maryland,59258,Reunion
13,"3861 Michael Dale Apt. 112
South Lindafort, MT 64927",Olsonchester,North Dakota,1711,Bolivia
14,"224 Santos Center Suite 540
West Matthewshire, AR 69104",North Janet,Vermont,25394,Lebanon
15,"37424 Nancy Walk
North Tony, VI 98230",Smithville,West Virginia,58925,Estonia
16,"6454 Christopher Drive
Wallacemouth, WA 90990",Lake Jasonville,Kentucky,31393,Tunisia
17,"107 Richard Hill
South Georgechester, MH 31843",South Katherineburgh,Ohio,26992,Wallis and Futuna
18,"247 Mary Pine
Ericmouth, WI 87873",Christopherside,Oklahoma,22897,Trinidad and Tobago
19,"42205 Young Drive
South Michaelaside, MS 46008",New Joelport,North Carolina,48329,Australia
20,"77634 Timothy Drive
Port Robertland, GU 28486",Roberthaven,Virginia,33098,Algeria
21,"263 David Haven
Amymouth, CA 00599",South Randallstad,New York,44171,Macao
22,"643 Thomas Mountains Apt. 386
East Christophermouth, KS 00675",Browningstad,New York,88315,Wallis and Futuna
23,"832 Matthew Streets Apt. 793
Juliaberg, DC 68369",Angelaborough,Vermont,61751,Cameroon
24,"4973 Megan Light
North Kelly, NV 23385",South Scott,Kentucky,4853,Montenegro
25,"272 Allen Roads
East Mitchell, AS 78518",Christopherchester,New Jersey,15543,Turkmenistan
26,"445 James Fall
Lake Kimfurt, OK 68689",Davisshire,Mississippi,80852,Martinique
27,"USNS Wong
FPO AE 10909",South Dennis,Delaware,636,Isle of Man
28,"7745 Francis Station
Derekhaven, WI 19254",Lisashire,Kansas,41079,Northern Mariana Islands
29,"80056 Melissa Gardens
Bryanthaven, OK 71796",Williamsberg,Washington,79852,Andorra
30,"2313 Martinez Road Suite 582
Port William, CA 01786",Longchester,Georgia,15961,Palestinian Territory
31,"9656 Jessica Mission Apt. 152
East Stephenstad, AZ 49785",North Rebecca,Minnesota,12710,Antarctica (the territory South of 60 deg S)
32,"75156 Jones Turnpike Suite 326
Brittanyburgh, VT 16067",West Katherine,Kentucky,37349,Germany
33,"9370 Gonzalez Ferry
Morrisonfort, TX 76548",Kellyland,Nebraska,16075,Swaziland
34,"3423 Donald Lights Apt. 169
Kimbury, HI 42823",Michaelside,South Dakota,96819,Ecuador
35,"091 Cruz Avenue Apt. 406
Reidborough, CA 31440",East Mary,Idaho,59740,Madagascar
36,"402 Michael Union
Mcfarlandstad, PA 26755",Pamelaland,Alaska,80134,Cape Verde
37,"5111 Miller Circles Apt. 058
North Kathryn, AK 69280",East Matthewview,Ohio,15153,Mauritania
38,"64360 Bullock Branch
Lake Gloriachester, NM 02328",South Mark,Michigan,38760,Singapore
39,"Unit 7171 Box 8403
DPO AE 63505",Donaldmouth,New Jersey,64195,Guadeloupe
40,"907 Hudson Valley Apt. 615
Christopherhaven, NY 43832",Petersonberg,Mississippi,42074,Iraq
41,"9944 Courtney Locks Suite 476
Mcgrathside, FL 98564",Josephfurt,New Hampshire,81839,Saint Martin
42,"02362 Holmes Mills
Lake Joshuastad, MA 11967",Alexandertown,Pennsylvania,50782,Benin
43,"7891 Debra Green Suite 310
Sethshire, HI 06625",Perrymouth,Colorado,54469,Grenada
44,"92465 Heidi Dam Apt. 283
Lake Moniquefurt, MI 85122",West Kristina,Minnesota,62890,Grenada
45,"541 White Turnpike Apt. 850
Johnsonfurt, TN 26786",East Lorihaven,Indiana,62367,Svalbard & Jan Mayen Islands
46,"60278 Stephanie Pike
South Marisafurt, FL 19548",Sharonside,Rhode Island,14521,Kyrgyz Republic
47,"187 Hansen Spur
North Mirandaberg, OK 44149",Vincentside,Massachusetts,34835,Philippines
48,"8357 Tamara Loaf Apt. 358
North Mauriceberg, PR 61943",East David,Vermont,91637,Brunei Darussalam
49,"79194 Morrow Well
Prestonport, FM 19396",Lake Hannah,Georgia,32130,Central African Republic
50,"9515 Brandon Hollow Apt. 646
Port Diana, MT 57151",New Erin,Illinois,34188,Samoa
51,"350 Christopher Rapid Apt. 545
East Codyville, PA 54646",South Codyside,Montana,42481,Sri Lanka
52,"3728 Madison Mills Apt. 733
Omarbury, AR 64349",Bauermouth,New York,6764,Malta
53,"55226 Buckley Bypass Apt. 742
Debraberg, TN 41373",West James,Ohio,64475,Saint Pierre and Miquelon
54,"07728 David Shores
Lake Monica, ME 85705",Kellyhaven,Alaska,76818,Cyprus
55,"13896 Howard Plaza
East Jonathanside, SC 55550",Thomasstad,South Carolina,86677,Estonia
56,"8895 Diaz Crossing
South Christianville, NM 60015",Jorgemouth,California,7358,Christmas Island
57,"936 Wade Forks
Ramirezstad, SD 99359",Finleyfort,Kentucky,43084,Niue
58,"71984 Karen Street Apt. 171
Lesliefurt, ND 77763",Ethanberg,North Dakota,12868,Cocos (Keeling) Islands
59,"42795 Arthur Islands Apt. 820
South Michaelport, RI 55377",Simpsonbury,Virginia,81958,Slovakia (Slovak Republic)
60,"40759 Watkins Plains Apt. 682
East Melissa, OH 74338",East Brittany,Montana,52577,Haiti
61,"7207 Clayton Union Suite 563
South Thomaston, NM 81088",West Kelseyberg,Missouri,98589,Oman
62,"4632 April Plains
Clarkborough, PA 32789",Lake Ericaland,West Virginia,22876,Fiji
63,"006 Gonzalez Green Apt. 564
Roberttown, ME 99179",New Kimberly,Vermont,89170,Afghanistan
64,"USCGC Roth
FPO AP 08030",Grayside,Vermont,38797,Netherlands
65,"4689 Amy Square Suite 157
Townsendfort, NC 00640",South Kelly,Alaska,73073,Serbia
66,"20413 Underwood Place
Rodgersshire, IN 16427",Lake Cathyland,South Carolina,63249,Aruba
67,"PSC 0925, Box 8765
APO AP 82932",West Tyler,Tennessee,71894,Luxembourg
68,"1512 Mullins Flats
West Henrytown, WA 10852",North Heidibury,Florida,84406,Puerto Rico
69,"5903 Ashley Mount
Michaelmouth, PW 98130",New Rogerbury,Colorado,53321,Andorra
70,"4362 Holmes Plains Apt. 465
West Andrea, VT 61417",Lake Tanner,Delaware,98044,Lithuania
71,"6921 Huerta Inlet
North Emily, NH 51583",East Michael,Massachusetts,32935,Tanzania
72,"0673 James Meadows
West Jeanland, KS 05746",Port Tanyashire,Alaska,40100,Niue
73,"87845 Miller Island
New Mario, VI 24070",North James,New Hampshire,89792,Germany
74,"09460 Brenda Centers Suite 638
South Gabriel, WI 17296",Melissamouth,Pennsylvania,54307,Cambodia
75,"671 Blackwell Groves Apt. 944
Taylorchester, PW 80645",Lake Ruth,New Mexico,22435,Jordan
76,"70284 Mcpherson Avenue
Vasquezmouth, GU 15788",East Robert,Nebraska,38193,British Virgin Islands
77,"73060 Dana Tunnel Suite 354
West Paula, NM 36379",Brandymouth,Connecticut,58355,Serbia
78,"302 Bailey Overpass Suite 527
North Shanetown, AR 41929",Stevensburgh,Montana,45525,Guinea
79,"19837 Brenda Plains Apt. 222
Schneiderport, KS 48135",New Tylermouth,Virginia,92037,Montserrat
80,"531 Kimberly Wells Suite 630
Mariashire, OK 80640",Leeview,California,66406,Aruba
81,"Unit 0469 Box 4159
DPO AA 72234",Matthewberg,Washington,52159,Belarus
82,"73978 Jesse Spur Suite 570
Burkeport, HI 08109",New Jay,Connecticut,43675,Mongolia
83,"1117 Anthony Forge
Lake Kimville, OR 68909",Whiteburgh,New York,11118,Belarus
84,"15806 Steven Neck
Webbville, ID 26256",Johntown,New Mexico,39725,El Salvador
85,"8563 Charles Forges Apt. 550
North Daltonberg, PR 04119",Lake Carolfurt,Georgia,38560,Luxembourg
86,"1717 Paul Center Apt. 511
Youngbury, SC 81098",West Spencerberg,Delaware,22431,Hong Kong
87,"934 Brittany Stravenue
Joshuatown, ND 62878",South Caitlin,South Carolina,45193,Bolivia
88,"4806 Bowman Ports Suite 945
Lake Kellyhaven, NJ 93730",Jacksonport,California,94504,Dominican Republic
89,"3505 Morgan Groves
Lake Carolinechester, MT 85986",Browntown,Alabama,60395,Saint Vincent and the Grenadines
90,"22358 Victoria Radial Suite 037
Millerview, OH 91813",Victorview,New Jersey,47280,Tuvalu
91,"44411 Medina Islands
Richardton, CO 31835",New Miguelshire,Kentucky,93564,Malaysia
92,"102 Williams Brooks
East Scottstad, VA 54185",Goodside,Indiana,74227,North Macedonia
93,"437 Christopher Vista Suite 705
Whitneystad, CT 75217",South Josephfurt,Missouri,20741,Portugal
94,"PSC 2583, Box 7257
APO AP 72679",Colefurt,Idaho,62052,Slovakia (Slovak Republic)
95,"PSC 1072, Box 8478
APO AP 12282",West Renee,Rhode Island,59355,Kuwait
96,"205 Brooks Branch
North Johnmouth, KY 71815",Lake Linda,Kentucky,62464,Grenada
97,"063 Michael Plains
Port Regina, CA 58526",South Robert,Iowa,39513,United States Virgin Islands
98,"742 Jackson Estate Suite 736
New Arthurmouth, GA 47171",Sullivanberg,Ohio,62456,United States of America
99,"838 Williams Landing
Vargasburgh, GA 17338",Port Codyport,Maine,8223,Saint Pierre and Miquelon
100,"8878 Lynch Rapid
Emilyville, MA 79361",South Wendyburgh,Minnesota,62907,Estonia
101,"3608 Matthew Turnpike
Port Taylor, AL 01320",Jeffreyland,Ohio,40711,Slovenia
102,"443 Stevens Alley
Danielmouth, HI 31955",Lake Elizabethview,Kansas,58013,Germany
103,"266 Gonzales Fort Apt. 646
Lake Heather, RI 75510",Shahside,Colorado,36230,Faroe Islands
104,"40781 Davis Pike Suite 769
North Toddchester, UT 31802",Lake Nathanhaven,Texas,40122,Antigua and Barbuda
105,"9610 David Forges
Lake Louismouth, HI 67523",Walterbury,Kentucky,72368,Greenland
106,"06052 Ashley Brooks Suite 055
West Patrick, MS 15592",New Thomas,New Jersey,22643,Myanmar
107,"158 Cheryl Parks
South Sarah, CT 34032",Lake Shannonport,Maryland,26840,Chad
108,"838 Wall Hollow Apt. 446
Hintonside, MA 18158",Debbieland,New Jersey,82111,Saint Pierre and Miquelon
109,"066 Green Fort Suite 309
Rachelside, MD 26627",Lake Adrian,Oregon,46402,Algeria
110,"92646 Brandon Cove Apt. 508
North Morganshire, PA 43763",Lake Leslie,West Virginia,95198,Cook Islands
111,"177 Garcia Road Suite 471
Chenton, HI 08272",North Katelyn,North Carolina,71952,Mayotte
112,"3390 Vazquez Hill
Hammondstad, AS 47699",Bennettmouth,California,42917,Suriname
113,"90992 Wilson Cliff Suite 529
North Kristin, TX 09159",Lake Laura,Michigan,7321,Netherlands
114,"93696 Lawson Valleys
Sarahside, VT 50893",East Pamelaside,South Carolina,23874,Germany
115,"424 Bryan Inlet
New Christy, MP 86014",Wolfhaven,Montana,49847,Latvia
116,"58507 Carpenter Lake
East Raymondburgh, RI 61182",South Daltonburgh,South Carolina,36000,Oman
117,"00659 Lester Roads
Sheppardport, KS 68161",East Loriview,Nevada,55241,Somalia
118,"29164 Harris Well Suite 899
South Ericside, WY 66073",Terristad,Texas,23973,Canada
119,"5495 Tiffany Square
South Morgan, WV 01163",East Elizabethmouth,New Hampshire,99302,Greenland
120,"0355 Thomas Ramp Apt. 040
Longton, MI 01054",North Heathermouth,New Jersey,62187,South Africa
121,"42047 Cole Alley Apt. 405
North Dianashire, AL 23263",South Christopherland,New York,44276,Niger
122,"342 Jo Greens
North Williambury, ND 38428",South Johnstad,Massachusetts,73330,Cayman Islands
123,"554 Jeremy Pike
Allenberg, CT 11427",Timothyburgh,Alabama,7953,Seychelles
124,"6049 Shaw Ranch
Pettyview, VT 11992",Fisherport,New Hampshire,17557,Jersey
125,"03124 Long Locks
South Martin, ND 89721",New Mitchell,Maryland,68142,Finland
126,"91580 Roberts Alley
New Marcusport, MA 32752",West Richard,Kansas,75236,South Africa
127,"4192 Brown Rapids Apt. 807
Jonesview, NV 18603",East Monicafort,North Dakota,79370,Barbados
128,"USCGC Wilson
FPO AP 95123",Browntown,New Mexico,1612,Antigua and Barbuda
129,"49274 Robert Street Suite 151
West Ashleyshire, OH 91332",Melaniechester,Oklahoma,68122,Morocco
130,"9705 Camacho Mall
Port Raymond, ME 21353",South Jennifermouth,Kentucky,99057,Jersey
131,"743 Grant Center Suite 046
East Brittanyburgh, NC 57094",Robertfurt,Wyoming,84260,South Africa
132,"2670 Richards Rapid
Johnsonchester, LA 30589",Davishaven,Minnesota,46503,Turkey
133,"44714 Ramirez Greens
New Allison, WY 97530",Sheltonmouth,Arkansas,77153,Tuvalu
134,"325 Hunt Passage
East Karen, KS 75547",East Shane,Vermont,98969,United Arab Emirates
135,"65158 Bradford Flats
Faulknerport, ID 77964",South Lori,North Dakota,2605,North Macedonia
136,"70387 George Mills
Johnstad, AS 32224",Richardshire,Michigan,3740,Luxembourg
137,"0416 Nelson Drive Suite 205
New Dianaton, NJ 17819",Barnettfurt,Hawaii,99814,Seychelles
138,"9033 Wendy Dale Suite 203
Carpentermouth, CA 25515",Reynoldsport,Wisconsin,75872,Bulgaria
139,"91879 Anne Oval
Michaelburgh, PA 81929",Stanleyton,Idaho,31698,Micronesia
140,"070 Mendez Trail Suite 191
Kimberlymouth, NM 88812",Stevensshire,Rhode Island,56685,Jamaica
141,"7342 Williams Parkways
Tanyatown, RI 34819",Maryshire,Alaska,93678,Germany
142,"920 King Forks
South Joshuaborough, DE 40586",Steelefort,Iowa,84033,Cocos (Keeling) Islands
143,"55451 Jonathan Harbors Suite 700
Lake Jeffreyton, MT 13652",New Jennifer,Wisconsin,82155,Guadeloupe
144,"25062 Lori Haven
Hammondfurt, AL 05715",South Anthonychester,Oregon,8481,France
145,"1843 Michelle Flat Suite 539
Carlsonmouth, MO 04375",Lake Melanie,Hawaii,58997,Romania
146,"Unit 7738 Box 9733
DPO AE 81094",Stevenmouth,Mississippi,7553,Falkland Islands (Malvinas)
147,"30714 Black Port
Port Mandy, KS 02494",Simmonsmouth,Minnesota,53791,Mauritius
148,"084 Lam Drive Apt. 301
Garciatown, AK 26168",New Gregory,Washington,11914,Spain
149,"0359 Durham Hills Suite 539
New Kimberly, TX 81847",Lake Annette,Vermont,71793,Paraguay
150,"82090 Bailey Passage Apt. 376
Lisamouth, AK 92233",Danielleport,Alabama,21865,Namibia
151,"PSC 1681, Box 1930
APO AE 13639",Andrewtown,Louisiana,86744,Brazil
152,"2242 Mercer View
West Dustinview, SD 91681",New Deannaburgh,Hawaii,89376,Dominica
153,"PSC 7436, Box 5096
APO AP 50596",South Janice,Idaho,15274,Belarus
154,"478 Martinez Drives Apt. 165
Bucktown, GU 73399",Lake Lisastad,Tennessee,11164,Sierra Leone
155,"099 Woods Meadows Suite 409
South Julie, LA 67824",Parksfurt,Oregon,83910,Trinidad and Tobago
156,"59726 Mary Union
Williamsland, RI 83747",Lake Markmouth,Michigan,20934,Angola
157,"076 Reynolds Grove Suite 331
Weberfort, NJ 43606",Port Brandon,Maine,25494,Singapore
158,"2161 Robinson Forest
Traciborough, KS 80846",South Mariahland,Iowa,95349,Kenya
159,"Unit 6888 Box 9017
DPO AE 32717",Port Jeremyland,Michigan,32599,North Macedonia
160,"4237 Nguyen Curve Suite 990
Michaelstad, LA 34586",Frankmouth,Colorado,93971,Macao
161,"5462 Christopher Mountain Apt. 263
Scotttown, WI 31785",Elliottmouth,South Dakota,20077,Hong Kong
162,"2322 Gibson Vista
Lake Danielview, MI 40240",Simsstad,Oklahoma,54258,Australia
163,"19067 Julie Falls
Chadmouth, SD 97305",New Johnton,Alabama,66372,Venezuela
164,"Unit 9014 Box 4101
DPO AP 02202",Lake Davidfort,Utah,5719,Sao Tome and Principe
165,"PSC 0759, Box 1162
APO AE 63971",Mcculloughmouth,Nevada,51969,Jordan
166,"4094 Silva Walks
East Williamshire, OH 88539",West Pamela,Oklahoma,87071,Venezuela
167,"4328 Randy Branch Apt. 111
Velezmouth, SC 38608",Carolinechester,Iowa,56418,Libyan Arab Jamahiriya
168,"8468 Poole Dam
Sandramouth, IL 62344",North Michaelchester,Colorado,76246,Lithuania
169,"243 Mcknight Drives Suite 911
Rachaelhaven, PA 89946",Adamsville,Texas,47433,Svalbard & Jan Mayen Islands
170,"USNV Brown
FPO AE 69213",Johnsonshire,Georgia,3943,United Kingdom
171,"USCGC Mcconnell
FPO AP 84390",Jeanettestad,North Carolina,4272,New Zealand
172,"Unit 2400 Box 7544
DPO AA 08422",Evansbury,Delaware,77275,French Polynesia
173,"0457 Patrick Station Apt. 026
West Zachary, NJ 39894",Georgeton,Maine,81372,Jamaica
174,"PSC 3763, Box 5671
APO AP 13476",North Danielleton,Delaware,40654,Kyrgyz Republic
175,"9332 Walker Parkways
West Brittney, AZ 83832",West Kathyland,North Dakota,41602,Rwanda
176,"4141 Michael Tunnel Suite 038
Robinfurt, AK 34804",South Katieton,West Virginia,21288,Martinique
177,"781 David Plains Apt. 604
New Amanda, TX 80210",East Allison,Connecticut,25346,Uruguay
178,"328 Daniel Creek Apt. 702
Pagechester, NM 69148",Lake Wesleyberg,Maine,35817,Lebanon
179,"652 Ellison Valleys
East Shane, PA 23427",Jacquelineburgh,Colorado,54120,Serbia
180,"05097 Gutierrez Track
South Brandonhaven, PA 45194",South Kathrynberg,Alabama,11091,Mexico
181,"PSC 6835, Box 2069
APO AA 81147",West Luisville,Florida,46317,India
182,"0206 Hull Flats
Lake Veronicaburgh, CA 71879",Port Desiree,Indiana,65130,Western Sahara
183,"372 Martin Prairie Suite 861
North Brittany, DC 88846",North Ricardo,Michigan,36738,Saint Kitts and Nevis
184,"55329 Pena Hill
South Donna, KY 18084",South Karenton,North Dakota,1811,Cook Islands
185,"598 Patel Pike Suite 060
Michellemouth, AS 24712",East Alexfort,North Carolina,27720,British Indian Ocean Territory (Chagos Archipelago)
186,"9557 Smith Locks Apt. 403
Maryshire, VA 17645",West Allenton,West Virginia,6946,Palau
187,"1836 Underwood Motorway Suite 257
Tarafort, KY 88026",Stephanieside,Arkansas,11701,Zimbabwe
188,"854 Tammy Plain
North Thomas, WV 26255",West Rodney,Mississippi,13626,Malta
189,"50268 Martinez Springs
Anitafort, AK 48634",Jonathanshire,Wyoming,25347,United States Minor Outlying Islands
190,"06633 Frazier Square
South Devin, HI 31342",Dalefort,Indiana,16561,Brazil
191,"8548 Trevor Via
Port Justinview, GA 56437",Taylorton,Connecticut,87309,Timor-Leste
192,"Unit 7023 Box 7796
DPO AA 07131",Ianburgh,South Carolina,57677,Zambia
193,"31967 Howard Turnpike
Port Brian, UT 44613",Theresashire,Maryland,47210,Saint Barthelemy
194,"007 Kemp Track Suite 967
Port Charlesmouth, CO 55808",North Stephanie,Alabama,99436,Malawi
195,"67092 Harrison Pike Suite 187
West Nicolemouth, AL 26081",New Catherineborough,Mississippi,37166,Vanuatu
196,"58506 Roy View
Smithville, MA 98728",North Caitlinfurt,Indiana,34995,Macao
197,"73954 Melanie Locks
Perezside, SD 81178",Port Carly,Arizona,43896,Ghana
198,"24631 Maria Camp
Brandymouth, MH 24668",Lake Annefort,Oregon,72633,Seychelles
199,"6343 Payne Key
Boyerville, VA 10332",Port Robinchester,Florida,47860,Angola
200,"389 Novak Tunnel
West Angelaburgh, WV 06952",Cooktown,Massachusetts,99658,Costa Rica
201,"6542 Clark Via Apt. 679
West Lori, VA 19881",Antonioside,Ohio,55006,Slovenia
202,"1897 Timothy Squares
Jenniferville, IL 14306",New Douglasside,New Jersey,59213,Samoa
203,"86823 Turner Flat
Taraville, GU 56062",Lake Ryan,Delaware,94448,Seychelles
204,"881 Barrera Walk
South Jasonside, NH 60333",Jonesfurt,Indiana,42310,Nigeria
205,"578 Michael Plains
West Dawnberg, NC 11629",Scottberg,Wyoming,53930,Estonia
206,"530 Wilcox Camp
Holtton, OK 61791",Guerreroburgh,Missouri,2725,Martinique
207,"80157 Smith Viaduct
Powersport, PR 36395",South Nicholas,Louisiana,80512,Trinidad and Tobago
208,"397 Clark Ville
Port Patricia, CO 07504",New Leslieview,North Dakota,88929,Chad
209,"Unit 0842 Box 1908
DPO AA 02333",East Janet,Minnesota,48318,Costa Rica
210,"87399 Clayton Forge Apt. 322
South Jennifer, MP 00614",Jacobsview,Delaware,65056,Guernsey
211,"07791 Peterson Circles Suite 964
Port Louisside, AR 94004",Port Scottberg,South Carolina,94697,Christmas Island
212,"USCGC Gibson
FPO AE 80010",Port Josehaven,Nebraska,33663,Poland
213,"Unit 5329 Box 8590
DPO AA 27779",South Christophermouth,New Jersey,11113,Sri Lanka
214,"914 Jessica Trail
Lake Megan, MN 07834",New Heatherside,Indiana,92351,Antarctica (the territory South of 60 deg S)
215,"654 Woodard Circle
Michealborough, IL 49014",Russellberg,Hawaii,12881,Western Sahara
216,"98499 Bradley Villages
Kingview, NH 90729",Petersonton,Pennsylvania,40928,Martinique
217,"19068 Tate Plains
North Jane, MO 51303",Greenefort,Iowa,26041,New Caledonia
218,"095 Smith Keys
West Jasonmouth, WI 92859",Cherylside,South Carolina,77769,Nauru
219,"2020 Hebert Meadows Suite 932
Julieside, IN 69505",Sarahhaven,Delaware,22493,Afghanistan
220,"049 Hansen Union Apt. 301
Lake Elizabethborough, MT 02481",Johnberg,Rhode Island,91781,Gabon
221,"PSC 7811, Box 9071
APO AP 95879",Port Lauren,Arkansas,9783,Sierra Leone
222,"46822 Jones Bypass
South Paulville, WY 24999",Careytown,New Hampshire,70221,Morocco
223,"383 Dustin Cape Suite 055
Gordonmouth, WI 73670",Sharonstad,Oregon,87051,Senegal
224,"674 Santos Ranch
Lake Lisahaven, SC 59152",North Matthew,New York,34174,Sao Tome and Principe
225,"114 Jason Harbor Apt. 459
Nicoleberg, IA 22305",Haleyside,North Carolina,65267,Bermuda
226,"0567 Patrick Island Suite 427
Valdezburgh, WA 98700",Lake Wendyside,South Dakota,20751,Montenegro
227,"404 Lee Place
Brandiland, MD 21406",Stonemouth,Washington,29632,Korea
228,"757 Henry Ways Apt. 363
Lake Brendanshire, NE 22066",South Russellfort,Virginia,81552,Argentina
229,"0757 Amanda Plaza Apt. 267
Glennmouth, TX 76360",North Jamie,Illinois,26056,Kazakhstan
230,"16858 John Squares
East Deborah, MD 72549",Cherylchester,California,16535,Thailand
231,"600 Jennifer Camp Apt. 646
Brianstad, VT 53634",East Ryan,Iowa,41186,Turkey
232,"8119 Mills Dam Apt. 833
Munozport, NV 25430",New Susan,Maryland,8141,Saint Kitts and Nevis
233,"15236 Alexa Orchard Apt. 132
East Leonard, MN 17399",West Christopherchester,Florida,68435,Portugal
234,"1276 Gregory Grove Suite 244
South Daniel, LA 46104",Lake Danielle,Hawaii,9979,Guyana
235,"66659 Bauer Roads
New Amandaton, MN 57258",Simonburgh,New Hampshire,81075,Bolivia
236,"07341 Jessica Cove Suite 761
Youngtown, MT 96747",Port Patrickmouth,South Carolina,62594,Wallis and Futuna
237,"6234 Stephen Course
New Stacieshire, MI 68113",West Christopher,New York,29531,Dominica
238,"4584 Ibarra Forge
Michaelmouth, KY 09626",South Becky,Illinois,54702,Finland
239,"835 Chambers Key
Petersfurt, ID 62174",North Philip,New Hampshire,80816,Greenland
240,"98782 Ryan Ford
East Michelle, CO 91692",East Dawn,California,57733,El Salvador
241,"4649 Derek Village Suite 203
North Joeport, HI 13630",Lake Wyattmouth,Alaska,47691,Syrian Arab Republic
242,"Unit 9602 Box 1969
DPO AP 46702",Osbornebury,Colorado,36464,Netherlands
243,"8267 Alan Ford
Hansenton, NC 64462",Grayshire,California,59953,Uruguay
244,"946 Tiffany Stream Suite 402
Port Peter, NY 89118",Scottfurt,Utah,30782,Brunei Darussalam
245,"5950 Vasquez Vista Apt. 132
Nancyshire, AL 41525",Freemanbury,Alaska,76090,Kiribati
246,"875 Jose Station
West Alexismouth, TN 10290",West Maryborough,New Jersey,22428,Gambia
247,"8504 Natasha Hollow Apt. 334
South Rebeccaville, AS 13764",Melissaberg,Louisiana,60973,Korea
248,"PSC 8513, Box 5190
APO AP 97830",Lake Mistybury,Alabama,59074,Tunisia
249,"46902 Hicks Port
Theodorehaven, AS 50472",Port Nancy,Arizona,57054,Iceland
250,"66966 Valerie Lodge Apt. 383
Henrystad, NH 47088",Lake Steven,California,91772,Myanmar
251,"76629 Cohen Mills
Lake Melissamouth, TX 79488",West Barbaraport,California,81021,Thailand
252,"640 Weaver Ranch
West Susanton, OK 88634",Parkerfurt,Alabama,9376,Puerto Rico
253,"8200 Crystal Mission
Garciaton, DE 65037",South Scott,Colorado,63860,Estonia
254,"05733 Hester Lodge
South Sandra, MP 61310",East Ryan,Nevada,15128,Dominican Republic
255,"041 Carroll Keys
West Angelachester, MP 19792",West Joe,California,54839,Morocco
256,"8906 Benjamin Cliffs Apt. 393
Oneillstad, TN 50469",Port Leslie,Maine,92650,Zambia
257,"68183 Troy Haven
Port Robert, AK 90602",Port Patriciatown,Montana,33069,Cameroon
258,"8165 Watson Field
New Ronaldborough, ME 76570",Noahstad,Vermont,16800,Panama
259,"68074 Johnny Pass Suite 537
Powersfurt, MN 06074",Wileyside,Michigan,69426,Moldova
260,"27978 Moore Locks
West Calvinfort, VA 01352",South Ebonyside,Mississippi,14773,Equatorial Guinea
261,"6808 Sean Camp Apt. 193
Monroeport, OH 92787",Loribury,Washington,78723,Haiti
262,"4939 Young Trafficway Apt. 184
Emilyborough, VI 82746",Michaelmouth,Arkansas,74594,Mauritius
263,"6838 Lopez Knoll Suite 397
West Barryport, MS 87309",Wilsonberg,Massachusetts,12481,Cameroon
264,"37540 Debra Lakes Apt. 346
Evanschester, FL 98944",North Frankville,Georgia,49879,Czech Republic
265,"51014 Robinson Shoal
Madisonhaven, WV 11390",Ruizland,Florida,85097,Liberia
266,"12531 Hoffman Divide
South Alexanderberg, FL 01428",Port Calvinfurt,Kentucky,73851,Liechtenstein
267,"7925 Wong Highway
New Lori, MA 30251",Charlesbury,Washington,3065,Angola
268,"22864 Alvarez Shores
Thomasshire, MN 18838",Port Jessicaberg,New York,64162,Belarus
269,"5545 Francisco Coves
Port Nathanstad, NE 88394",New Jenniferfurt,Georgia,95834,Moldova
270,"38559 Lindsey Place Apt. 847
North Jerome, NV 39246",Bradleytown,New York,1951,Liberia
271,"438 Reyes Shoals Apt. 980
North Katrina, KS 64725",South Kimberlyfurt,Hawaii,73513,Malta
272,"540 Donald Orchard
Reedmouth, IL 45518",Hendricksberg,West Virginia,42197,Georgia
273,"5407 Darlene Lake Suite 267
Bondton, AS 88441",North Susanton,Wisconsin,55581,French Southern Territories
274,"0887 Moody Ferry
Tylerchester, ND 62565",Courtneymouth,Oklahoma,18517,Dominican Republic
275,"28860 Richard Tunnel
North Michael, MI 50695",Catherineview,Maine,89958,Rwanda
276,"1489 Leach Flats
North Anna, TX 97775",Patriciaberg,Mississippi,50784,Northern Mariana Islands
277,"USNS Taylor
FPO AA 06767",North Natalie,Illinois,3303,Bermuda
278,"03441 Moore Fort
Danielletown, AS 95319",South Kyle,New Mexico,61633,Ukraine
279,"1290 Johnston Square Suite 278
Grayside, DC 47028",Nelsonview,South Dakota,38211,United States of America
280,"980 Cooper Green Suite 713
Port Heather, NJ 40780",New Annefurt,Montana,67070,Tuvalu
281,"9897 Day Crossroad Apt. 544
New Susanmouth, DE 22353",Port Michaelburgh,Rhode Island,11018,Antigua and Barbuda
282,"8235 Watson Port Suite 319
Ryanhaven, MP 26917",West Catherine,Ohio,94835,Grenada
283,"3672 Rhonda Prairie
West Stacieshire, VI 10065",Johnsonview,Ohio,6848,Antigua and Barbuda
284,"6048 Bridges Manor Apt. 513
Robinville, WY 17565",East Aaron,Nevada,70497,Somalia
285,"0956 Veronica Estate
Ianhaven, NC 04248",West Kevin,Louisiana,66407,Montserrat
286,"9417 Sanchez Causeway Suite 855
New Jason, GU 35098",Myerstown,Nebraska,67370,Grenada
287,"34370 Johnson Course
Danielton, MO 37366",Zacharyshire,Idaho,4594,Saint Martin
288,"37517 Mata Gardens Suite 346
Hillfurt, PR 05346",North Brian,Colorado,12720,Kuwait
289,"1037 Bowman Inlet
Kellyview, IA 21374",Langfurt,Colorado,2628,Cote d'Ivoire
290,"USCGC Carpenter
FPO AP 55743",Lake Evanmouth,Connecticut,17045,Guatemala
291,"3947 Stacey Expressway
New Pennyberg, RI 63677",Timothytown,Massachusetts,88350,Slovenia
292,"61728 Lindsey Crescent Suite 877
North Elizabethville, ND 58763",Martinville,Washington,54467,Nigeria
293,"18257 Angel Square Suite 773
New Elizabethland, MI 52587",North Emmaport,Maine,66562,Japan
294,"218 Kiara Island Apt. 363
Westtown, GU 35362",North Jenniferland,Hawaii,23152,Barbados
295,"185 Martin Underpass
Murraymouth, NH 12323",Michaelfurt,Maine,54525,Hungary
296,"786 Tara Plain
North Teresa, DC 10178",Stevenview,Colorado,64741,Heard Island and McDonald Islands
297,"87460 Joseph Meadow
South Josephmouth, FL 99554",South Danielleville,Iowa,81717,United States of America
298,"Unit 0368 Box 9072
DPO AE 94020",Robertsonborough,Tennessee,91887,Andorra
299,"0697 Wayne Road Suite 002
North Briantown, KS 92135",North Nicholas,Pennsylvania,98418,Yemen
300,"94227 Vanessa Station
Port Joseph, AZ 06687",Tiffanytown,South Dakota,74460,Wallis and Futuna
301,"55397 Patrick Gardens
North Daniel, AL 16055",East Kellyborough,South Dakota,21250,Antarctica (the territory South of 60 deg S)
302,"060 Schwartz Lodge
North James, IL 28129",West Erik,Georgia,56247,Marshall Islands
303,"56999 Bell Plains Apt. 158
Yatesbury, NJ 60685",Humphreyburgh,New Hampshire,44774,Moldova
304,"999 Andrews River Suite 740
Luisstad, VA 06569",Millerstad,Florida,99238,Qatar
305,"448 Brown Burg Suite 569
Randyport, MP 60429",Travisville,Illinois,87913,Hong Kong
306,"PSC 1652, Box 0740
APO AP 15103",Lake Ethanview,Oregon,91502,Saint Lucia
307,"295 Austin Junctions
East Seth, MP 05629",Ellischester,Maine,59147,Morocco
308,"71158 Marco Stream Apt. 536
Hollystad, CT 73496",New Richard,West Virginia,68197,Holy See (Vatican City State)
309,"4293 Wilson Inlet
Frenchborough, OK 71276",Port Heatherfurt,Wyoming,18237,Guatemala
310,"604 Wright Roads Suite 574
Lake Mariafurt, IL 89804",Delacruzton,Alaska,32028,Libyan Arab Jamahiriya
311,"USNS Gutierrez
FPO AA 75115",South Brandonfurt,Georgia,43312,Tuvalu
312,"547 Cummings Viaduct Suite 087
Ericachester, OK 60748",New Aaron,Louisiana,90300,British Virgin Islands
313,"5621 Peterson Ridge Suite 711
Brianview, SC 47053",New Thomasburgh,Connecticut,11718,Isle of Man
314,"USCGC Jones
FPO AA 25098",Lake Kristinafurt,Idaho,39904,Uruguay
315,"9410 Campbell Motorway
Blakeside, MI 36215",Heatherton,Ohio,60181,Eritrea
316,"1575 Bryan Plain
Amyburgh, MO 62029",Port Gregorymouth,Montana,30689,Malaysia
317,"761 Larson Mount
East Mike, VI 26913",New Rose,Maryland,86360,Suriname
318,"7540 Olsen Crossroad
North Jamesmouth, MT 73458",Rivasbury,Washington,29819,Singapore
319,"5703 Klein Wall Suite 649
Elizabethstad, PW 71245",New Nicholeland,Vermont,2496,Nigeria
320,"2138 Allison Forges
Robertstad, AZ 84065",Lake Katherine,Oregon,46124,Palestinian Territory
321,"302 Jackson Row Suite 978
Carterfurt, ME 22100",Jacobston,South Dakota,49259,Martinique
322,"Unit 2270 Box 2559
DPO AE 89750",Erikaville,North Dakota,11969,Taiwan
323,"PSC 2687, Box 9976
APO AE 63013",Williamsborough,North Dakota,78759,Antigua and Barbuda
324,"83191 Larry Shoal Suite 997
Pricetown, MT 69694",Joshuahaven,Indiana,16945,Mali
325,"64347 Joann Shoal
Port Stephenville, SD 43266",West Allenburgh,South Dakota,28387,Western Sahara
326,"53844 Fleming Trace
Troyton, ME 81706",South Melissashire,Virginia,96532,French Polynesia
327,"701 Guzman Road
Kathychester, SD 71910",East Donaldfurt,Alabama,93009,Central African Republic
328,"27305 Bell Union Apt. 847
Port Amyburgh, MI 86942",Lake Fernando,South Carolina,38780,Gabon
329,"75951 Antonio Locks Suite 739
Harrisonland, TN 22448",West Ashleyland,Nebraska,83591,Honduras
330,"7554 Choi Route Apt. 641
New Joshuafort, AL 44914",Jeffreyberg,Texas,52868,Congo
331,"794 Welch Branch Apt. 382
Bradleyshire, MN 49485",Vanessastad,Georgia,71552,Germany
332,"7595 Michael Circle
East Petertown, MO 18754",West Bryan,Indiana,60738,Armenia
333,"58011 Oconnell Gardens
Port Justin, MI 97463",Freemanville,Alaska,15469,Algeria
334,"7605 Fuentes Burgs
West Robert, NY 56406",Hunterborough,Indiana,30319,Guadeloupe
335,"66016 Brian Radial
Michaeltown, NJ 82769",Mitchellburgh,Iowa,78126,Taiwan
336,"14920 Katherine Park
Melaniehaven, NV 99586",East Sarahhaven,Oklahoma,85744,Equatorial Guinea
337,"549 Fox Rapid Apt. 970
Lake Jameshaven, GU 39635",Jillstad,Arkansas,96083,Sri Lanka
338,"1423 Lee Locks Apt. 888
Sandramouth, VA 09098",South Michaelshire,Connecticut,5021,Lebanon
339,"979 Michael Corner Apt. 036
South Rossland, OK 06699",West Amy,Pennsylvania,84132,Estonia
340,"41465 Lawrence Camp Apt. 998
Cabreraside, KY 61490",Glennville,Ohio,56734,Belize
341,"93154 Amber Vista
Lake Elizabeth, ID 37363",New Johnburgh,Maine,71830,Kyrgyz Republic
342,"0950 Darren Grove Suite 440
New Jennifermouth, FL 37941",Sherryborough,New York,79384,Solomon Islands
343,"66416 Kelly Wells
North Karenville, KY 73605",Lake Kevintown,California,6641,Haiti
344,"1389 Williams View
North Kennethmouth, IN 38681",Port Reginaldport,Tennessee,12978,Cocos (Keeling) Islands
345,"850 Scott Highway Suite 536
North Yolandaberg, DE 74420",South Brandyton,Georgia,34363,Tokelau
346,"6989 Powell Island Suite 837
New Glendaport, IL 82122",South Nicolebury,Maryland,5162,United States Minor Outlying Islands
347,"0285 Mcgee River
Mccartychester, WV 86348",Lake Kelseytown,Florida,49200,Poland
348,"PSC 0958, Box 4784
APO AP 46805",Lake Nicole,Florida,82646,Argentina
349,"66968 Mckee Shoal
Quinnberg, MI 61610",South Ginamouth,Arizona,25137,Slovakia (Slovak Republic)
350,"765 Amanda Turnpike
New Matthewstad, MD 07778",New Laura,Utah,39861,Tanzania
351,"9241 Catherine Prairie Suite 089
Marciastad, SC 58110",Anthonymouth,Washington,87795,Guadeloupe
352,"715 Anne Groves Apt. 713
Watsonport, NJ 99401",Valerieside,Arizona,45773,Namibia
353,"73317 Kelly Forest Suite 626
New Tamaraburgh, SC 91460",Williamshire,Louisiana,85469,Denmark
354,"573 Stacey Views Apt. 967
New James, HI 47982",Markbury,North Dakota,94222,Latvia
355,"81265 Gallagher Forest Suite 138
South Timtown, MS 50916",Rachelton,Massachusetts,97900,Bouvet Island (Bouvetoya)
356,"08904 Duncan Inlet Apt. 621
Kayleemouth, IN 52465",Millsland,Washington,91268,Gambia
357,"2358 Jose Summit Suite 132
Geoffreymouth, FL 13121",Manuelfurt,Wyoming,35281,Nepal
358,"90833 Steven Fork
North Leslie, PW 57959",Ginatown,South Carolina,12897,Grenada
359,"371 Lawson Expressway
Peterhaven, MD 54598",Loriside,Ohio,84905,Lao People's Democratic Republic
360,"379 Fisher Circle Apt. 136
Coleborough, SC 18020",Gonzalezville,South Carolina,6261,Turkey
361,"27893 Kyle Brooks Apt. 070
Lake Annamouth, WI 60566",Lake Christinatown,Utah,19691,Reunion
362,"6201 Wilson Skyway Apt. 824
New Jenniferfurt, WV 40081",Lake Jonathan,North Dakota,48224,United States Virgin Islands
363,"2002 James Knolls Suite 828
Wileyview, OH 88142",West Karenfurt,California,58980,Netherlands
364,"738 Schultz Mount
Jonathanside, PA 08821",South Jeffrey,Virginia,33711,Slovenia
365,"468 Shelton Burg
East Matthew, MI 35964",Lake Heather,California,77685,Marshall Islands
366,"041 Cook Mills Apt. 144
West Sharonport, NM 27721",Patrickmouth,Pennsylvania,19014,Estonia
367,"052 Logan Track Suite 258
Markville, GU 47431",Morristown,Texas,35276,Switzerland
368,"74094 Matthew Fords Apt. 536
South Brittanyberg, MP 61107",Hamiltonview,Alaska,19830,Ecuador
369,"7725 Moore Springs
West Ruthfort, CO 60913",North Nicoleland,Iowa,41633,French Southern Territories
370,"7888 James Canyon Apt. 635
Abigailfort, ME 67010",Lake Sonyafort,West Virginia,83031,Benin
371,"0385 Shannon Vista
South Deborahside, CT 43013",Dominicbury,Oregon,98251,Philippines
372,"7265 George Ports Apt. 663
Jenniferstad, TN 91101",Lake Amanda,West Virginia,11356,Isle of Man
373,"37464 Mary Pike
New Eric, MS 99567",New Lisaside,Connecticut,11914,Dominica
374,"664 Lawson Underpass Suite 097
Deannafort, KY 39082",Lake Daniel,Tennessee,99754,Hungary
375,"063 Porter Burg Apt. 039
Lake Michaelfort, NE 89295",East Sarahburgh,Minnesota,42027,Solomon Islands
376,"07977 Frank Mount
Rodriguezport, MA 43717",Montgomerymouth,Utah,6172,Reunion
377,"251 Wright Turnpike Apt. 501
West Joycefurt, DE 78866",Melanieborough,California,28967,Djibouti
378,"3261 Bell Valley
Patrickland, PR 38431",West Jacobborough,North Carolina,40259,Trinidad and Tobago
379,"26101 Rebecca Camp
Portershire, OH 28586",Loganburgh,Alaska,16763,Fiji
380,"63392 Baker Wells Suite 588
North Lisa, MH 28579",East Valerieton,Nevada,73510,Tanzania
381,"48621 Phillips Rapids Suite 649
Stephanieton, WY 50443",Sandersshire,New York,59611,Tajikistan
382,"9201 Romero Fort Apt. 090
Gilesmouth, AS 06936",Burtonmouth,South Carolina,58154,Dominican Republic
383,"702 Sonya Ports
Chandlertown, NM 72454",West Jeffreychester,Delaware,74450,Morocco
384,"90571 Hardin Plaza
West Mathewton, OH 92483",New Jamesfurt,Massachusetts,47143,Zambia
385,"33877 Stephanie Hill
Gomezland, MT 01691",West Jennifer,North Carolina,19010,Bhutan
386,"456 Kenneth Prairie Suite 820
Kimberlyville, AZ 47708",East Amy,Georgia,65294,South Africa
387,"941 Smith Crest Suite 561
North Ronald, MD 76545",East Jenniferbury,Louisiana,26619,Haiti
388,"855 Vaughan Streets
Thomashaven, WA 72251",Taylorshire,Ohio,2974,Thailand
389,"5686 Miranda Turnpike
Mendozaberg, KS 73339",Lake Sherry,Rhode Island,97774,Albania
390,"90507 Barbara Harbors Apt. 637
Anthonymouth, RI 23118",Smithbury,Nebraska,38041,Guinea-Bissau
391,"4301 Long Spring Suite 820
Robertborough, IL 01965",New Stacey,Mississippi,56189,Poland
392,"961 Moore Drive Apt. 926
Briantown, TX 70112",Lindaside,Wyoming,86947,Pakistan
393,"PSC 1111, Box 3715
APO AP 90617",Joneston,Ohio,57386,Ireland
394,"208 Bonnie Crest Suite 588
East Cindyton, MA 36860",Port Bryan,California,42122,Congo
395,"452 Villarreal Crest
New Cynthiaburgh, PA 80170",West Jeffreyview,Georgia,76936,French Southern Territories
396,"1028 Carey Valley
Ashleymouth, NE 83005",Jeanettemouth,Michigan,43185,Finland
397,"64729 Steven Mountains Apt. 223
East Stevenview, WV 67659",West Andre,Tennessee,10422,Monaco
398,"PSC 4178, Box 9065
APO AP 73284",Kathrynview,California,88677,Bosnia and Herzegovina
399,"1710 Lee Motorway
Paulchester, HI 47245",North Linda,Vermont,62305,Bangladesh
400,"924 Berry Ford
Graytown, VA 26763",West Lauriechester,Georgia,54125,Denmark
401,"636 Sara View
Williamport, ME 42379",Lake Johnathanberg,New Jersey,61222,Cuba
402,"664 Jennifer Greens
Bakerbury, WI 61823",Port Danielshire,New York,27411,Albania
403,"2153 George Mission
Debbieborough, SC 89457",Jacobsfurt,Illinois,90417,Ukraine
404,"3762 Timothy Trail
Berryburgh, LA 79621",North Daniel,South Dakota,22911,Guam
405,"552 Mcbride Roads Apt. 746
West Jessica, AL 46588",Katrinaport,Delaware,67923,Moldova
406,"967 Mitchell Underpass Suite 061
Lake Pamela, VI 11284",North Nancy,North Carolina,14784,Brazil
407,"84378 Mcclain Place Suite 492
Edwardsland, NM 93242",Burnetttown,Missouri,96578,Switzerland
408,"544 Mike Burgs
Burkeshire, PW 42554",Matthewside,Arizona,20833,Indonesia
409,"PSC 5067, Box 6988
APO AA 52832",Crystalfort,Maryland,55934,Kenya
410,"4873 Tammie Motorway
Grimesview, AR 24363",East Robertchester,New Hampshire,19858,Pakistan
411,"88468 Campos Pines
West Manuelton, FL 63442",North Alyssahaven,West Virginia,93193,Congo
412,"2677 Jennifer Plain Apt. 446
Brandonview, TX 45937",Port Thomas,New Jersey,25728,Latvia
413,"17110 Nathan Walks Suite 871
South Randall, OR 78545",East Emily,New York,92522,Colombia
414,"44213 Ashley Lock Suite 684
West Robert, FM 38812",Harrismouth,Virginia,69577,China
415,"42424 Dana Spur Suite 524
Colemanport, PA 30397",Thomasland,Texas,52063,Philippines
416,"Unit 7167 Box 7808
DPO AE 75015",Chadbury,Georgia,34674,Austria
417,"829 Chavez Overpass
North Ross, MD 02794",Dawnland,Kansas,11817,Seychelles
418,"2051 Michelle Courts
Brianfurt, AR 10106",Port Katherineport,Rhode Island,30616,Morocco
419,"50705 Holly Springs
West Christinefurt, LA 35111",West Samuel,Illinois,64883,Vietnam
420,"5797 Desiree Road
Rivasmouth, FL 39365",Kimberlyport,New York,86772,Djibouti
421,"78963 Sutton Park Apt. 944
East Paulton, IN 83434",West Timothy,Hawaii,96557,Mauritania
422,"72083 Karen Lock
Kristinachester, NY 39907",Alexandraland,Alaska,61619,Ukraine
423,"8642 Vicki Grove Suite 246
Anthonystad, GA 03778",Thompsonland,Wisconsin,83662,Switzerland
424,"5936 Jessica Streets Suite 754
Jamesmouth, OR 28695",Rebeccafurt,Pennsylvania,20137,Madagascar
425,"95971 Hernandez Ferry Suite 548
Holdenborough, PW 89417",Melissachester,South Dakota,10303,Cocos (Keeling) Islands
426,"6744 Maureen Crest Apt. 976
Victormouth, IN 24632",Scottland,South Carolina,89137,Morocco
427,"USCGC Howe
FPO AP 23440",West Monica,Louisiana,62412,Reunion
428,"31440 Patel Meadow Suite 856
Aaronburgh, FM 86790",North Tracy,Mississippi,59639,Colombia
429,"USCGC Mendez
FPO AE 90894",Lake Jason,Delaware,6069,Poland
430,"8321 Curtis Views Apt. 351
Rodriguezburgh, DE 36555",Michaelchester,North Carolina,45438,Kyrgyz Republic
431,"657 Colton Motorway Suite 462
Lisaside, NY 46162",South Christopherville,Florida,52156,Austria
432,"Unit 1623 Box 3557
DPO AA 04909",West Yolandabury,New Mexico,9845,South Georgia and the South Sandwich Islands
433,"13005 Frederick Skyway Suite 733
West Tylerfort, WY 69343",Ellisville,Nebraska,10956,Martinique
434,"038 Flores Radial
Mitchellbury, PW 51460",South Jenniferport,New Mexico,92600,Belize
435,"76476 Brock Mountain
Gillborough, IA 01285",Jessicamouth,New Jersey,94277,Hungary
436,"3495 Mark Mountains
Shanetown, WY 42524",South Prestonton,Montana,66984,Slovakia (Slovak Republic)
437,"102 Collins Crest
Carlosbury, SC 16582",Bradleystad,Illinois,9562,Saint Kitts and Nevis
438,"52926 Gutierrez Mission Apt. 991
Lorifurt, KY 87867",Destinyport,New Mexico,48196,Solomon Islands
439,"881 Foster Lake
Spencerland, CT 26974",South Jamesstad,Wyoming,93087,Costa Rica
440,"3650 Eric Gateway
Port Mollybury, PA 83261",Lake Mark,Maine,1694,North Macedonia
441,"6754 Michael Road
New Christopher, MO 98165",Hughesberg,South Carolina,55647,Bangladesh
442,"7140 Henderson Turnpike
North Paula, AK 45369",Camachomouth,Colorado,42759,Bosnia and Herzegovina
443,"120 David Junction Suite 412
Leeshire, PW 81903",East Josefurt,Idaho,52614,Sierra Leone
444,"Unit 7771 Box 3976
DPO AE 30212",Lake Samanthaborough,Nevada,25812,Yemen
445,"PSC 7697, Box 9378
APO AA 30663",New Barbarachester,New York,19544,Albania
446,"11068 Chapman Street
Jordanton, MA 21409",South Destinyview,Maine,81272,Vietnam
447,"2028 Bryan Gateway
Mullinsside, WY 33033",East Nataliebury,Kansas,11142,Antigua and Barbuda
448,"731 Marks Turnpike
East Jessicaborough, SC 96896",Lake Amber,Florida,80817,Reunion
449,"Unit 1537 Box 2648
DPO AA 99021",Monicaberg,Oregon,27040,Djibouti
450,"Unit 6726 Box 9745
DPO AE 41383",Glenmouth,Ohio,46378,France
451,"842 Gregory Vista Suite 739
Angelaborough, NM 24052",Jamesburgh,Michigan,90320,Cuba
452,"0568 Amber Common Apt. 457
Stevenburgh, WI 63381",New Valerieshire,Maryland,43037,South Georgia and the South Sandwich Islands
453,"357 Edwards Ridge Suite 051
New Mikehaven, AZ 06082",Perezborough,Texas,17541,Yemen
454,"4176 Paul Tunnel Suite 475
Port Charles, NJ 79985",Joyceland,Iowa,53346,French Guiana
455,"523 Alexander Mountain
Port Georgestad, FM 66401",Brittanymouth,Oklahoma,99436,Kyrgyz Republic
456,"07160 Anderson Place Apt. 235
East Kyle, WA 09465",Taylorbury,Georgia,12448,Paraguay
457,"625 Lopez Shores
Lake Jacob, FL 26939",Jenniferport,Louisiana,15051,Western Sahara
458,"8289 Lopez Squares Apt. 307
Javierbury, NV 72492",West Amandaview,New Jersey,80540,British Indian Ocean Territory (Chagos Archipelago)
459,"USNV Herrera
FPO AE 53935",South Alicia,South Dakota,5297,Yemen
460,"PSC 9120, Box 6308
APO AA 78735",Michaelchester,Pennsylvania,94485,Uzbekistan
461,"73772 Hart Alley
Millsside, SD 37021",Christianland,Rhode Island,6027,Puerto Rico
462,"887 Dennis Unions
Brownborough, WV 30296",Davechester,Delaware,32104,Isle of Man
463,"87756 Perez Viaduct
Humphreyburgh, MA 06667",New Matthew,Washington,16115,Belize
464,"6858 Richard Villages
Martinezshire, SC 51222",New Dustinview,Idaho,30288,Malawi
465,"38269 Linda Pass Suite 394
Mariamouth, HI 74115",North Robertberg,Louisiana,79503,Oman
466,"356 Gail Crest
West Nathaniel, AS 12186",Beltranfort,Alabama,94281,Singapore
467,"977 English Fort Apt. 928
Vincentshire, TX 11770",Dustinport,Nevada,37559,Suriname
468,"69553 Phillips Inlet Suite 442
Marksstad, IL 82230",Port Kimberlyfurt,Massachusetts,3265,Greenland
469,"211 Jack Lights
East Thomasfurt, MA 53966",Joshuastad,Oklahoma,83848,Nigeria
470,"Unit 5273 Box 5927
DPO AP 06838",Hollandstad,Texas,72114,Dominican Republic
471,"203 Jimmy Spurs
New Michellebury, MS 54035",West Tamara,Mississippi,94379,France
472,"8140 Carpenter Forest Suite 828
Henrymouth, GU 63388",Port Adamborough,Alabama,62793,Argentina
473,"3587 Kristin Cape
Taylorberg, MD 68077",Thomasside,Texas,88784,Ecuador
474,"97065 Andrew Wells Apt. 815
West Stephanieville, SD 34580",Loriberg,Pennsylvania,50152,Mozambique
475,"48341 Seth Common
Port Jamesland, PW 82902",Woodhaven,North Carolina,70498,Antigua and Barbuda
476,"22435 Hunt Lane
Hannahburgh, AS 24220",Portertown,Arizona,72594,Sri Lanka
477,"320 Alexander Landing
South Cherylmouth, MO 16579",West Davidfort,North Carolina,56637,American Samoa
478,"2591 Sims Coves
Michellestad, PR 20105",Port Mary,Arkansas,92822,Turks and Caicos Islands
479,"4035 Mackenzie Mills
Robertborough, WI 22278",Philliphaven,Nevada,31621,Bouvet Island (Bouvetoya)
480,"918 Ryan Port
Port Kevinhaven, MS 90798",East Christopherberg,Kentucky,60772,Saint Vincent and the Grenadines
481,"36698 Anne Road
North Heather, RI 46617",Hernandezmouth,Ohio,64089,Northern Mariana Islands
482,"1674 Sosa Brook Apt. 338
Carolynbury, IA 63892",Shermanville,Tennessee,38641,Cambodia
483,"PSC 7340, Box 8057
APO AA 15576",Brianhaven,Delaware,84097,United Arab Emirates
484,"085 Angela Squares
East Mindy, ME 25471",Reyesstad,Florida,43062,Gambia
485,"USS Harris
FPO AP 37500",New Rose,Hawaii,60667,Uzbekistan
486,"59117 Donna Court Suite 204
Jacksonberg, OK 89889",Jonestown,Nevada,15309,Malta
487,"PSC 3684, Box 9545
APO AP 67442",Nicoleburgh,Michigan,77827,Kiribati
488,"57306 Estrada Extensions
Judyville, DE 72131",Wilsonmouth,North Carolina,35097,Algeria
489,"PSC 6602, Box 6076
APO AE 85746",South Janice,Missouri,52347,Peru
490,"3727 Ramirez Dam Suite 255
Lauramouth, IL 31598",North Tammy,Pennsylvania,21052,Puerto Rico
491,"49259 Rachael Road Suite 210
Lake Robinshire, OH 16081",East Evan,Massachusetts,31789,Martinique
492,"198 Ochoa Flats Suite 375
Lake John, FM 97233",Port Reneeland,Pennsylvania,88106,Finland
493,"019 Robert Tunnel Apt. 282
East Candiceville, GA 93684",Harperfort,New Mexico,85261,China
494,"87790 Crystal Forge
Harrisonport, PW 90630",North Bryanland,Wisconsin,70772,Hungary
495,"69623 Bennett Lodge Apt. 665
Jessefurt, NE 06076",Angelamouth,Kansas,35610,Guernsey
496,"9669 Casey Rapids Suite 275
Lake Connor, MI 79669",Wilsonside,California,44508,Malaysia
497,"952 Tiffany Motorway
Mcgeestad, NY 54293",South Joannbury,Maryland,11286,Chad
498,"940 Pacheco Centers
Lake Barbaraport, FL 25338",Lake Jordan,Missouri,64329,Montenegro
499,"PSC 2065, Box 8421
APO AE 73623",New Susanmouth,Arizona,23650,Isle of Man
500,"518 Henderson Cape
Connertown, MT 27583",Leeville,Maryland,15558,Isle of Man
501,"1913 Wilson Ranch Suite 608
Herrerastad, CO 97143",North Joshuaborough,Oklahoma,63178,Cuba
502,"9691 Angela Islands Apt. 263
West Andrew, WV 55243",Port Roy,South Dakota,9979,Togo
503,"4015 Jill Port Suite 694
Cunninghamview, MS 63158",Brianmouth,Massachusetts,20976,Japan
504,"162 Harris Groves
Port Ericside, OK 66538",Lake Kimberlyside,Washington,33612,Peru
505,"6331 Arnold Courts Apt. 599
Jacksonburgh, SD 76856",Flynnland,Oklahoma,41512,Cameroon
506,"84863 Cynthia Ramp Apt. 843
East Sarahfurt, IA 96682",West Miguelhaven,Florida,56097,Nauru
507,"242 Henry Creek Suite 569
East Brandy, FM 57623",Thompsonfurt,South Carolina,97343,India
508,"1460 Salinas Key
Barnesshire, KY 30195",East Jeffrey,Washington,37909,Greenland
509,"5830 Mary Groves
Lauraborough, NH 24154",New Joshua,Maryland,98942,Bahrain
510,"749 Carrillo Brook Apt. 935
East Brianmouth, MI 11685",Lake Richardland,Oregon,52277,Guyana
511,"522 Ward Run
South Sylviaberg, AZ 96927",Courtneyberg,Iowa,32844,Gibraltar
512,"9521 Nguyen Landing
Sharonside, NY 42392",Williamtown,Tennessee,82958,Botswana
513,"20506 Townsend Street Suite 303
Kellyland, LA 41194",Christopherberg,Hawaii,24103,Comoros
514,"46606 Mary Glen Apt. 307
Mullenhaven, VI 45248",Watsonmouth,Idaho,71941,Wallis and Futuna
515,"616 Paul Dam Suite 034
South Erin, PR 03748",Theresatown,Kentucky,60026,Guinea-Bissau
516,"08287 Patrick Walks Suite 462
Lake Stephanieport, HI 70587",North Robert,Arizona,47087,Belgium
517,"30321 Stacey Tunnel
South Davidland, FM 88817",East Carolberg,Tennessee,70265,Guam
518,"678 Lewis Course
New Terranceton, TX 57707",Gallagherton,Ohio,59890,Turks and Caicos Islands
519,"93612 Diana Meadows Apt. 056
Port Michaelshire, UT 60238",North Susanland,Nevada,73553,Kenya
520,"578 Taylor Forge Suite 302
Diazmouth, VA 76239",Hooverstad,Alabama,95640,Bahrain
521,"018 Jonathan Shoals Suite 447
Anthonytown, AK 37759",East Christopher,Hawaii,39796,Fiji
522,"9884 Teresa Orchard
Marcustown, IN 37658",Grantside,Massachusetts,72325,Sweden
523,"6513 Schmidt Park
North Williamshire, MH 05761",Martinezville,Colorado,12679,Saint Lucia
524,"0772 Wallace Ramp Apt. 882
East Kristinmouth, GU 55480",Trevorville,Florida,72617,Madagascar
525,"8520 Lori Port Apt. 616
Lake Pamelaburgh, MO 52018",Allisonburgh,Wyoming,70399,Georgia
526,"56773 Jones Cliff
Hickstown, MD 37019",Hollandfurt,Vermont,29325,South Africa
527,"49745 Harrell Freeway Apt. 605
Port Tammyborough, NJ 40596",North Brenda,Alaska,58363,Niue
528,"8619 Koch Crest
South Mary, WI 42566",South Renee,Florida,45003,Saudi Arabia
529,"634 Thomas Camp Suite 638
Davidview, IN 04505",Nguyenshire,Pennsylvania,98736,Mexico
530,"9922 Carter Manor Suite 340
Smithport, PW 37623",Lake David,Arizona,44227,Micronesia
531,"334 Jason Parks
East Erinchester, HI 49022",North Erin,Kansas,23126,Palestinian Territory
532,"265 Justin Dale Suite 413
Zimmermanshire, LA 65037",East Theresaview,Arizona,75016,Samoa
533,"95666 Rasmussen Drive
Port Shannon, KS 87071",Johnsonborough,Georgia,41797,Jamaica
534,"4338 Shields Junction Apt. 042
New Timothy, TN 04069",Brandyside,North Carolina,76799,Congo
535,"653 John Ridge
New Mary, ME 86755",West Heather,Mississippi,22584,Chad
536,"658 Christopher Prairie Suite 313
Reyesfort, IA 82188",Parrishfort,Maine,98275,Saint Martin
537,"Unit 1026 Box 4234
DPO AP 94289",East Colinchester,Georgia,1717,Gibraltar
538,"1916 Jill Locks
Ramosberg, GA 93860",Onealhaven,Oregon,51488,Bolivia
539,"02187 Cameron Skyway
Hornemouth, CA 64078",East Darryl,Florida,47181,Kazakhstan
540,"2078 Rodriguez Mission
East Katrina, TX 02434",Jamestown,Utah,53729,Brunei Darussalam
541,"59729 Theodore Lane
Kellyton, DE 35034",New Amandamouth,New York,85537,Algeria
542,"Unit 8225 Box 3963
DPO AE 70481",Andrewtown,New Mexico,84689,Russian Federation
543,"4599 Wright Junctions
Port Jamieberg, WY 81036",Jefferyville,North Carolina,24624,Madagascar
544,"USNV Smith
FPO AA 00878",Port Richardton,Wisconsin,29262,Cook Islands
545,"47697 Dylan Crescent Apt. 696
South Kyleborough, MP 29403",Dianaside,Hawaii,60621,Hungary
546,"USNS Proctor
FPO AA 80316",Villaville,Louisiana,23429,Mauritania
547,"58839 Pearson Way Suite 623
Coxberg, AS 41821",Port Adamburgh,Idaho,45087,Turkey
548,"75618 Ryan Ridge
South Christina, ID 23679",West Emilymouth,Idaho,6618,Tanzania
549,"832 Jessica Shoals
South Matthewborough, AS 73966",Choibury,California,99868,French Guiana
550,"301 Ortiz Mill
Lake Erica, MO 88398",West Jimmyside,Idaho,16555,Moldova
551,"87017 Cheryl Loop
Nelsonfort, MP 74681",Williamland,Oregon,92574,United States of America
552,"163 Paul Tunnel Suite 933
Bennettshire, TN 45379",South Aaronside,Washington,18070,Seychelles
553,"84704 Julie Parkways Apt. 296
Smithfort, AR 18859",North Leslie,Texas,41712,Philippines
554,"583 Joshua Port Apt. 031
Crystalport, RI 84240",Port Roger,California,95179,Nicaragua
555,"7742 Martinez Via
New Robert, DE 05369",Andrewchester,Wisconsin,83116,Uganda
556,"28698 Jimenez Orchard Suite 954
East Jeremyton, TN 32822",Sandraburgh,Florida,31573,Wallis and Futuna
557,"672 Clayton Fords
Port Bryanland, MS 71311",Lake Lisaside,South Carolina,62234,United Arab Emirates
558,"5387 Daniel Road Suite 736
New Kayla, MD 45881",Patriciahaven,Pennsylvania,18382,South Georgia and the South Sandwich Islands
559,"518 Nancy Flats
Lisachester, VA 51085",North William,Utah,31363,Malawi
560,"23993 Cain Courts
Jeffreyfort, PR 77113",Grosston,New Mexico,33641,Lesotho
561,"443 Willis Squares
East Scottberg, IN 71490",Port Andrea,Texas,87305,Faroe Islands
562,"0477 Lauren Plain Suite 679
South Kenneth, MO 52133",Amyberg,New Mexico,39592,Bermuda
563,"4218 Martin Rapids Suite 749
Yatesmouth, VT 66164",West Davidmouth,Idaho,46235,Norway
564,"265 Miller Villages
West Alisontown, MI 33982",Hooverburgh,Florida,72381,Denmark
565,"67881 Gomez Spring
Kylebury, RI 20926",Andrewton,Mississippi,58906,Kazakhstan
566,"61524 Mccoy Rest
Lake Stephen, AS 29306",Codyview,New Jersey,20998,Isle of Man
567,"3814 Andrade Manor
North Cynthia, WV 71209",East Robertburgh,Kansas,17503,Saudi Arabia
568,"621 Michael Bypass Suite 883
East Susan, NJ 31650",East Lisaburgh,Wisconsin,95281,Georgia
569,"151 Smith Junction Apt. 118
East Ruth, MP 64311",Lake Melinda,Hawaii,84190,Iraq
570,"418 Flores Circles
Johnland, IN 28895",West Nathan,Connecticut,6632,Nigeria
571,"109 Jeremy Rest
Lake Audrey, ME 20596",Port Kaylahaven,Maine,64054,Japan
572,"8965 Eddie Mountains
Millerland, SC 08276",Howardland,South Carolina,85775,Fiji
573,"446 Johnson Villages Apt. 321
New Jasonport, DE 19078",West Nicholasburgh,Delaware,79639,Mozambique
574,"19928 Watson Squares
Danielberg, TN 18291",Kevinmouth,Vermont,14636,Cape Verde
575,"441 Walton Parks Suite 092
Christophermouth, IA 55217",Knappview,Illinois,39200,Chad
576,"9106 Sharp Course
South Bethton, OK 39655",Bowenport,Connecticut,16333,Anguilla
577,"772 Young Highway
Jamesview, MN 11927",Jonathanmouth,Alabama,90235,Greece
578,"513 Smith Union Suite 638
Scottmouth, AR 98378",Michaelside,Wisconsin,8778,Germany
579,"857 Chang Ramp
Lake Joebury, CT 25521",Nicoletown,Hawaii,15676,Mauritius
580,"63281 Kevin Heights Apt. 339
South Jessicastad, ND 45112",Lake Robin,Oregon,56189,Kyrgyz Republic
581,"733 Harper View Apt. 157
North Ginaberg, SC 48761",East Christopher,Oklahoma,57262,Guadeloupe
582,"5272 Laura Gateway Apt. 628
Nathanielborough, AK 89479",Robertland,Maine,20344,Armenia
583,"160 Jeffrey Pike Suite 192
North Josephburgh, PR 33591",Harrisborough,Minnesota,74102,Zimbabwe
584,"82131 Leon Mountains Suite 045
North Carrieville, IA 97076",North Davidmouth,Connecticut,35521,Venezuela
585,"359 Torres Port
Andersonstad, OH 61632",Williamland,Kentucky,18106,Bahamas
586,"4735 Hansen Junctions Apt. 082
Mcbrideland, KS 98856",North Davidshire,West Virginia,58692,Mozambique
587,"Unit 4293 Box 2937
DPO AE 27873",East Brent,Kentucky,32612,French Polynesia
588,"6518 Robert Keys
Mckenzieberg, MP 40390",Francesfort,South Dakota,29689,Falkland Islands (Malvinas)
589,"8750 Bell Plaza
Michaelside, CO 15287",Port Michaelstad,Oklahoma,79102,Antarctica (the territory South of 60 deg S)
590,"Unit 7852 Box 3139
DPO AP 36518",Morenoview,Nebraska,62934,Niue
591,"359 Perez Rapids Suite 282
Janicehaven, PA 79121",New Adamberg,Nebraska,47670,Croatia
592,"PSC 9219, Box 0155
APO AE 34865",Carpenterberg,California,74558,Chad
593,"482 Miller Glens
Port Natashachester, PA 16372",Erinberg,South Dakota,2925,Malta
594,"7626 Barr Inlet
Ballardhaven, WV 34690",Sheilastad,Indiana,49635,Zimbabwe
595,"USNS Thomas
FPO AA 33179",South Shelley,Wyoming,20005,Niue
596,"987 Shelby Turnpike Suite 414
South Deanna, OR 85716",Lake Hunterborough,West Virginia,42816,Pitcairn Islands
597,"3610 Schmitt Fall
East Heathershire, AR 79233",Amberburgh,Montana,11595,Macao
598,"Unit 9806 Box 6805
DPO AA 48580",East Michaelhaven,Hawaii,19870,Malawi
599,"82664 Carrillo Inlet Apt. 281
Riveraborough, IL 78538",Valenzuelaburgh,Louisiana,39947,Philippines
600,"47231 Madison Creek Suite 847
East Williamberg, HI 56559",East Stacey,Delaware,616,Taiwan
601,"7458 Dana Isle Suite 849
Thompsonburgh, LA 26811",Bruceport,South Carolina,73668,Nauru
602,"192 Matthews Spurs Apt. 595
Port Karen, MT 32099",North James,Florida,29189,Ukraine
603,"Unit 5238 Box 7881
DPO AP 95011",Lake Marisa,Idaho,73413,Nepal
604,"025 Paul Points Apt. 837
North Blakemouth, NY 32929",Alexandriaview,Oregon,10342,Kyrgyz Republic
605,"84959 Kevin Burg
South Julietown, MP 30021",Bowersville,Utah,63342,Congo
606,"Unit 3235 Box 3823
DPO AP 76431",Alvarezburgh,Massachusetts,76503,Equatorial Guinea
607,"5551 Adam Walk
Port Hannah, IL 18885",Fischershire,Virginia,8991,Thailand
608,"38419 Derek Stream
West Keith, KY 93255",West Jessicachester,Arkansas,51351,Yemen
609,"7668 Davidson Groves Apt. 714
Lake Charlesfort, WA 64009",Snyderstad,Idaho,73841,Panama
610,"0154 Rivas Turnpike
Lake Nathaniel, ID 44859",Johnnyport,Kentucky,15672,Yemen
611,"587 Rios Road
Lake Mario, ND 27768",South Ryanmouth,Louisiana,85713,Russian Federation
612,"13034 Hall Ridge Apt. 399
Torresport, NC 12762",South Paul,Kentucky,58373,Mayotte
613,"51558 Richard Fords Suite 567
Katherineport, OH 81826",Jessicamouth,Delaware,34981,United States of America
614,"PSC 1653, Box 2327
APO AP 04003",Kimberlyville,Texas,22395,Western Sahara
615,"571 Scott Island Apt. 262
East Bradley, WI 82658",Lake Cassie,Hawaii,846,Lebanon
616,"458 Christopher Creek Suite 983
West Jonathan, MS 73094",Connieshire,Oklahoma,77045,Antarctica (the territory South of 60 deg S)
617,"PSC 4099, Box 9146
APO AA 76249",North Madisonport,Maryland,87290,Lithuania
618,"97740 Maldonado Vista
Audreyville, WV 55055",Danielville,Connecticut,41474,Korea
619,"817 Dixon Mall Suite 173
North Troyland, LA 07826",Lake Stephaniehaven,Louisiana,21852,Ecuador
620,"257 Jacqueline Landing Suite 136
Wilsonchester, MO 22530",Hendricksberg,Missouri,7497,Trinidad and Tobago
621,"6320 Oliver Lodge Suite 086
Jessicaland, VI 54117",Suehaven,Georgia,96059,China
622,"0238 Makayla Crescent
Smithstad, VA 74760",Lake Christinafort,Louisiana,4139,Saint Kitts and Nevis
623,"1657 Sarah Mission Apt. 754
Brownville, DE 00785",West Michael,Texas,39732,British Indian Ocean Territory (Chagos Archipelago)
624,"1904 Benjamin Green Suite 765
Castanedaberg, MD 99809",Gonzalezland,North Dakota,58560,Marshall Islands
625,"5896 Ashlee Gardens
South Samanthaburgh, SC 20580",Davidshire,New York,80269,Norfolk Island
626,"3571 Smith Manors Suite 822
Jamesland, NY 03927",Tiffanyhaven,Indiana,96894,Guyana
627,"USCGC Hall
FPO AA 54863",Suttonside,Texas,63050,Liechtenstein
628,"PSC 6171, Box 8416
APO AA 88421",Samanthaside,Indiana,72497,Mauritania
629,"USNS Alvarado
FPO AA 54150",Brendaville,Kentucky,1290,Benin
630,"52302 Roger Fields
Katherinefurt, PA 44346",West Maureenstad,Tennessee,79013,Croatia
631,"507 Sampson Heights
New Carolbury, MP 16823",Coxport,New Jersey,63321,Libyan Arab Jamahiriya
632,"43854 Jason Mountains
Wilkersonville, MD 68720",Tranborough,North Carolina,79594,Albania
633,"317 Jennifer Port
East Nancy, ME 57784",Anthonymouth,California,78959,Swaziland
634,"Unit 3214 Box 3951
DPO AE 83184",Georgeville,Indiana,85296,Belgium
635,"93556 Austin Stravenue Apt. 249
Hodgeside, DC 40827",Robertmouth,Washington,66124,Switzerland
636,"58852 Anderson Walks
Cruzmouth, RI 23834",Edgarland,Arkansas,78965,Slovenia
637,"84009 Louis Shores
Michaelstad, IL 44552",Collinsborough,Georgia,29943,Kiribati
638,"6508 Cobb Row
South Leslieside, GU 03664",West Courtneymouth,Illinois,60470,Benin
639,"915 Ashley Locks Suite 684
North Thomas, AL 05733",Spencerberg,North Carolina,78181,Malaysia
640,"75395 Jason Wall
South Robert, PW 05123",North Ryan,Delaware,39565,Slovakia (Slovak Republic)
641,"793 Vega Orchard
Tiffanyburgh, OH 38721",Lake Juliechester,Iowa,23104,Netherlands
642,"5633 Sexton Mountains
Lake Matthew, CA 13243",Lake Peter,Kansas,71855,Christmas Island
643,"USNS Travis
FPO AA 43200",Sydneyside,Alaska,71593,Azerbaijan
644,"201 Perkins Corners Suite 639
South Vickieland, DC 83590",West Gailport,New Mexico,11714,Kiribati
645,"655 Kristen Causeway
Phillipsstad, MD 10819",Codybury,Colorado,4466,Brazil
646,"45866 Barbara Radial Suite 469
East Allisonton, FM 51025",Port Michaelchester,Idaho,59234,Panama
647,"5181 Laura Islands
Davidmouth, VI 34109",Karastad,Idaho,39936,Jersey
648,"42570 Alexander Mall
East Peggy, DE 65879",North Katrina,New Jersey,20417,Monaco
649,"042 Randy Pass
West Robert, AL 41625",North Jorgebury,North Dakota,16817,Tanzania
650,"786 Patrick Viaduct Suite 356
North Marissastad, OK 53825",Bethanyburgh,Illinois,91167,Tanzania
651,"4003 Paul Green Suite 954
Ryanfurt, SC 14410",North Scott,Alaska,23345,Luxembourg
652,"5542 Williams Key
Nealside, MS 32637",Port Saraland,West Virginia,60484,Hungary
653,"137 Samantha Oval
Mcguirefurt, KS 73112",Port Angela,Virginia,35423,Moldova
654,"715 White Circle Suite 462
Allentown, AR 02240",North Steventon,Louisiana,39695,Canada
655,"USNS Evans
FPO AA 47380",Jasonview,Louisiana,63813,Peru
656,"161 Nicholas Springs
Fordborough, FM 69454",Sarafort,Wyoming,17793,France
657,"4234 Jason Fall
Rodriguezmouth, KS 91366",West Shannon,Pennsylvania,65153,Angola
658,"1626 Jasmine Bridge Suite 368
East Travis, PR 56184",Melaniemouth,Texas,37906,Equatorial Guinea
659,"9554 Rogers Gateway Apt. 742
Josemouth, IL 35428",Darrellmouth,Tennessee,64328,Bahamas
660,"0908 Linda Divide Apt. 903
New Samuel, VI 02617",Gailstad,Vermont,87016,Djibouti
661,"45888 Jeffery Track
East David, MH 10706",New Philipborough,New Mexico,4085,Korea
662,"54559 Tyler Pass Suite 362
Tonifort, CT 39796",Richardchester,Idaho,8602,Greenland
663,"75511 Kim Field
Raymondbury, MA 51138",Parkerside,Ohio,25353,Eritrea
664,"75365 Samuel Hills Apt. 982
East Hannah, MS 32068",Smithmouth,Connecticut,44192,Kazakhstan
665,"6846 Anthony Views
Woodsport, FL 37517",Port Robertfort,Oregon,35000,French Southern Territories
666,"650 Sandra Passage
Hughesfurt, WA 30489",New Vincentland,Iowa,42761,Myanmar
667,"494 Tammy Trail
Rebeccaland, SD 37021",New Catherine,Kentucky,64405,Saint Barthelemy
668,"11593 Charles Orchard
Robbinstown, VA 28383",Angelafurt,Missouri,42734,Nigeria
669,"951 Michael View
Kevinshire, GA 09327",Lake Aaron,Georgia,75909,Benin
670,"1634 King Isle
Patrickhaven, SD 47003",Lake Elizabeth,Nebraska,2462,Togo
671,"58990 Mary Island Suite 068
East Andrea, OH 36746",Lake Derrick,Iowa,20087,Azerbaijan
672,"5546 Mcdonald Drives
Haynesville, MT 02906",Ritterville,Utah,74183,Iceland
673,"4421 Kane Field
North John, MI 66256",New Lisaborough,Arkansas,619,Saint Barthelemy
674,"2157 Cynthia Orchard
Lake Angela, AS 24331",Monicaland,Nebraska,56345,Moldova
675,"Unit 6746 Box 0094
DPO AE 03685",Elizabethborough,Massachusetts,81147,Guyana
676,"613 Martin Trail
Blevinsbury, DE 01105",North Russell,Mississippi,81503,Turks and Caicos Islands
677,"821 Walker Squares Apt. 109
West Zachary, MP 18576",Nicholasfort,Rhode Island,95764,Honduras
678,"PSC 2614, Box 7065
APO AP 14595",West Daleview,Connecticut,99798,Guadeloupe
679,"236 Carlson Land Suite 756
Kelleystad, OH 10476",South Michellestad,Louisiana,53183,Botswana
680,"03985 Alexander Ports
South Charles, AR 12566",Sydneyton,Wisconsin,60110,Tajikistan
681,"114 Walsh Canyon
Lake Christineburgh, MD 15109",South Danielberg,Delaware,3962,Kenya
682,"3651 Eugene Groves
New Justin, CO 46096",Port Vincentville,Maryland,70621,Brunei Darussalam
683,"8241 Joseph Flats
West Josephchester, IA 83200",Christopherchester,Iowa,76791,Tanzania
684,"358 Liu Plains Apt. 748
South Jenniferstad, IA 74024",West Alexandra,Nevada,75592,Lesotho
685,"895 Julian Forge Apt. 776
Kristaborough, MO 27454",South Jasonmouth,Hawaii,52827,Bahamas
686,"54330 Kennedy Dale
Gonzalezstad, MS 13069",Ericksonberg,Alabama,34869,Tanzania
687,"5349 Monica Terrace
Port John, PA 39251",Brownberg,Kentucky,20536,Liechtenstein
688,"70162 Bray Mountains
New Brookemouth, SD 96626",North Isabellamouth,Wyoming,91272,Fiji
689,"676 Edwards Falls
Ellismouth, WY 38396",New Jenniferview,Georgia,72758,Northern Mariana Islands
690,"649 Valdez Gateway
Reynoldsberg, RI 97507",Harpershire,Alaska,41831,Wallis and Futuna
691,"Unit 1008 Box 5973
DPO AA 17617",Lake Dawnshire,North Carolina,46093,Norfolk Island
692,"475 Miller Plaza Suite 749
East Jeffrey, VT 89425",Lake Ryan,West Virginia,23486,Philippines
693,"5426 Jones Ridges Suite 656
Johnsonburgh, NV 45252",Moraburgh,Massachusetts,54558,Honduras
694,"6214 Rodriguez Islands Suite 546
Toddton, CO 74141",North Stephanie,Oklahoma,72168,Montenegro
695,"04725 Anthony Crossroad Apt. 113
Carolinetown, MS 86693",Lake James,Rhode Island,36736,Saint Barthelemy
696,"Unit 8840 Box 4969
DPO AE 29585",East Bobby,Vermont,35132,Christmas Island
697,"797 Jonathan Gateway Apt. 801
Jacobside, ND 58783",Lake Amyshire,Delaware,29629,Sao Tome and Principe
698,"396 Jessica Loop Suite 848
Smithshire, WA 46457",Lake Shannonbury,Alabama,43835,Tanzania
699,"8107 Brandon Fords Apt. 106
Garciahaven, TN 17885",East Shanehaven,Kentucky,95718,Bolivia
700,"215 Nicholas Station Suite 360
Kendrahaven, DE 52701",West Marc,Mississippi,1052,Yemen
701,"5982 Shelton Motorway
Melanieburgh, KS 70308",Vaughanmouth,Alabama,93439,Dominica
702,"190 Lisa Port Apt. 258
North Kevin, OR 82841",Burnsmouth,South Dakota,96701,Israel
703,"USS Lucero
FPO AP 00712",Lake Ryanmouth,Delaware,50218,Suriname
704,"1284 Watkins Harbors Apt. 128
Port Kevin, WI 25935",West Jacob,Delaware,3334,Gambia
705,"773 Powers Fall Suite 746
Port Donaldberg, MD 94349",Lake Maria,North Carolina,35646,Iceland
706,"69602 Smith Street
South Brandon, LA 17059",Deborahshire,Virginia,74880,Liechtenstein
707,"8334 Wagner Park
Millerfurt, IA 94834",Campbellmouth,Connecticut,27785,Germany
708,"49591 Vanessa Brook
Port Breannaberg, TX 81053",Freemanport,Idaho,9738,Benin
709,"31237 Zachary Place
West Kimberlyburgh, PA 12990",East Laura,North Carolina,98961,Egypt
710,"USNS Whitaker
FPO AP 30440",Port Derek,Iowa,64734,Namibia
711,"811 Combs Freeway
South Nathaniel, NH 77161",Heatherview,Minnesota,94910,Pitcairn Islands
712,"4889 Erica Vista Apt. 873
Robertside, VI 60146",North Amyfort,Ohio,85782,Bosnia and Herzegovina
713,"485 White Forest Apt. 236
Lake Scott, OR 48460",East Ryanville,Kansas,5788,Montserrat
714,"89476 Steve Route Suite 669
Johnsonborough, AZ 33753",West John,Georgia,81874,Montserrat
715,"37865 Melissa Isle Apt. 258
Collinsview, OR 35384",Rossport,Connecticut,77361,Gabon
716,"350 Kathryn Creek
Jonesmouth, MS 85937",Phillipsport,New York,64679,China
717,"78230 Drake Hollow Apt. 894
Jeffreyborough, PW 36394",Brewerberg,Wisconsin,25782,Togo
718,"942 Michael Streets
North Christophershire, IN 08856",Nataliechester,North Dakota,79793,Bouvet Island (Bouvetoya)
719,"140 Dunn Plaza Suite 826
Rodriguezton, SD 24790",Lake Brandonland,South Dakota,92021,Belarus
720,"Unit 2570 Box 7741
DPO AA 71712",Mccoyfort,Ohio,90828,Fiji
721,"03556 Patton Pines Suite 235
Jameshaven, GU 01341",Rebeccaland,Delaware,51288,Saint Lucia
722,"3724 Spears Forks Suite 431
Vanessafurt, WY 82200",Lake Sarah,Louisiana,9145,Thailand
723,"55742 Heidi Valleys Apt. 532
West Markbury, TN 52648",Mitchellmouth,Missouri,12567,Faroe Islands
724,"5292 Kara Spurs
Tracyberg, NJ 21213",Waltersmouth,Virginia,47569,Qatar
725,"601 Katherine Mountain Suite 687
Waltersland, LA 03655",New Pamela,Nebraska,86712,Jersey
726,"2225 Mackenzie Overpass Suite 478
Tammytown, RI 33724",Bensonchester,Rhode Island,47457,Liberia
727,"7778 Lauren Locks
Curtisborough, NM 96420",Adriennefort,South Carolina,44329,Brazil
728,"486 Richard Prairie
Patelmouth, NC 91635",Anthonyton,Vermont,19573,Saudi Arabia
729,"35992 Troy Plain
East Nathan, MS 27675",Lake Kevinstad,Colorado,45743,Swaziland
730,"81328 Todd Field Suite 581
Raymouth, ND 68432",East Justinborough,South Dakota,58375,Guatemala
731,"6610 Sanchez Ramp Suite 219
New Sandraburgh, AK 68471",West Kerry,Georgia,78384,Saint Pierre and Miquelon
732,"516 Weeks Cove
New Kathytown, VT 52815",Mooremouth,Arkansas,17496,Norfolk Island
733,"2007 Taylor Extensions
West Tammystad, SD 57687",Williamsside,Pennsylvania,16309,Saint Helena
734,"294 Michele Crossing Apt. 533
New Derekville, FL 52655",Christopherville,Virginia,25869,Kuwait
735,"USNV Cooper
FPO AP 19808",West Timothystad,Colorado,92013,Spain
736,"590 Martinez Manors
Maryshire, AL 74425",Maldonadotown,Vermont,4211,Sao Tome and Principe
737,"4415 Baker Court Apt. 737
Amychester, UT 62900",Lake Thomasstad,Iowa,63100,Mauritius
738,"749 Katherine River
New Jessicaport, PW 86424",South Jenniferport,New Hampshire,71329,Pitcairn Islands
739,"367 Smith Shoal Apt. 470
New Christopher, VT 26599",Port Garyburgh,New Mexico,37103,Turks and Caicos Islands
740,"65924 Duarte Fork
Port Ginatown, WY 37322",Reesechester,Oregon,51910,Saudi Arabia
741,"13350 Graham Bridge Apt. 601
Port Drew, NH 12445",East Elizabeth,Nevada,44337,Indonesia
742,"214 Lee View
Bakerville, PA 16046",Richardsonhaven,Kansas,74498,Saint Helena
743,"0398 Billy Junctions Apt. 079
Glennville, KY 18377",Heatherburgh,Nevada,32481,Bosnia and Herzegovina
744,"340 Oscar Stravenue
Wardville, FM 01272",Brittanyport,Rhode Island,39611,French Guiana
745,"4786 Cassandra Turnpike Apt. 918
East Jameston, ID 39697",South Maryshire,Vermont,93102,Pitcairn Islands
746,"517 Wilson Station
Carolhaven, CA 95486",Parkerburgh,Oklahoma,68844,Kenya
747,"568 Mason Summit Apt. 879
Geraldfurt, WA 25585",East John,Alaska,11855,Bouvet Island (Bouvetoya)
748,"007 Martinez Walks Apt. 451
Sancheztown, WA 19064",Chadmouth,Nebraska,93602,Albania
749,"969 Shields Forest
Mannburgh, OK 52108",Jordanport,Illinois,4741,Tunisia
750,"89239 Melanie Orchard
Maysfurt, VA 71526",Lake Gabrielfurt,Tennessee,43289,Christmas Island
751,"64950 Allen Summit Apt. 511
Crystalshire, FL 55041",Carterport,Arizona,83261,Nauru
752,"199 Rivera Throughway
Lake Cole, WA 46151",Patriciaport,Washington,37116,Saint Kitts and Nevis
753,"493 Singh Fall
South Stevenville, NM 89351",Samuelhaven,Illinois,85990,Bosnia and Herzegovina
754,"95432 Courtney Gardens Apt. 533
Port Stephanie, GA 11629",North Gregory,Iowa,84386,Reunion
755,"3083 Macdonald Meadows Suite 383
Brittneytown, AS 38682",East Dustin,Colorado,18644,Azerbaijan
756,"390 Angela Shore
East Kelseybury, GA 63858",West Cynthia,Connecticut,3032,Cocos (Keeling) Islands
757,"366 John Keys Apt. 761
Bowmanside, IN 73543",South Derek,Rhode Island,17995,Fiji
758,"180 Morales Avenue Apt. 604
Patriciaview, IL 60778",Lake Nicoleberg,New Mexico,75080,Argentina
759,"895 Kane Orchard
Saramouth, MA 05786",Lake Alexis,Idaho,13755,Guinea-Bissau
760,"81324 Brown Freeway Suite 407
Alvareztown, CO 67964",Lake Sarah,Rhode Island,37121,Qatar
761,"PSC 7774, Box 4502
APO AE 99299",New John,Kentucky,35807,Saint Kitts and Nevis
762,"084 Adams Radial Suite 967
South Jessicaborough, DE 22498",Fisherbury,Minnesota,2051,Northern Mariana Islands
763,"2199 Todd Club Suite 959
North Karen, IA 99813",North Phillipfurt,Kentucky,79105,Central African Republic
764,"8318 Lynn Brook Apt. 815
Mooremouth, ID 51147",Maryfort,Virginia,16365,United Kingdom
765,"89716 Elizabeth Vista Apt. 779
South Davidshire, ME 37420",Port Jason,Vermont,82797,Zimbabwe
766,"028 Fowler Fields
Gregoryview, OK 43150",Jacksontown,Michigan,45929,Belize
767,"USNS Manning
FPO AE 71622",West Richard,New Mexico,50885,New Zealand
768,"8111 Brown Stream
South Deannaberg, MA 01876",West Kyleville,South Dakota,77098,French Guiana
769,"7601 James Drive Apt. 814
New Larryborough, NY 09721",South Amanda,New Jersey,56179,Ethiopia
770,"020 Tyler Causeway
South Jonathan, MH 29242",Port Joshua,Kansas,55014,Armenia
771,"9536 Zachary Passage Suite 535
Johnsonfurt, VI 82751",North Tamaraberg,Mississippi,76321,Lao People's Democratic Republic
772,"629 Kim Gardens Apt. 475
Hodgemouth, IN 38140",Millershire,Iowa,83015,Albania
773,"3723 Nguyen Ways Apt. 369
New Kimberly, KY 09042",Millerside,Arizona,46832,Botswana
774,"158 Justin Mills
Johnshire, NC 05287",Camposchester,Maryland,14118,Brunei Darussalam
775,"1882 Christina Green
North Leonard, RI 27172",West Jessicahaven,Nebraska,92685,Togo
776,"50784 Douglas Ranch Suite 800
East Dianafurt, MH 48761",Cherylhaven,New Jersey,86938,Palau
777,"658 Jones Circle
Lake Kimberly, GA 93902",East Dawn,Vermont,61123,Panama
778,"532 Walter Key
Sharonchester, UT 40060",New Tanya,North Carolina,32863,Haiti
779,"933 Kenneth Wells Apt. 629
Mckinneyberg, CT 09769",Leblancport,Oklahoma,88114,Denmark
780,"5190 Williamson Plaza Suite 544
Lake Bianca, FM 09618",Pricetown,Washington,3412,Antarctica (the territory South of 60 deg S)
781,"098 Michael Port Suite 402
Traviston, KS 63671",Peterbury,Oregon,36854,Libyan Arab Jamahiriya
782,"01565 Walker Street
Bishopburgh, IA 57325",Lake Steven,Oklahoma,37874,Fiji
783,"002 Romero Branch Suite 740
Allisonmouth, MI 81402",Wyattmouth,Massachusetts,31593,Guam
784,"Unit 2453 Box 7613
DPO AE 38576",Melanieland,South Dakota,50440,Cayman Islands
785,"65132 Martin Lodge
Danielfort, IA 05060",Robinsonside,Rhode Island,70095,Lebanon
786,"Unit 7253 Box 4637
DPO AA 19051",Ryanfort,Utah,97643,Bahamas
787,"8114 Brian Oval
Kristabury, FL 50373",North Tara,New York,77038,Samoa
788,"2143 Tonya Causeway
Hallview, AZ 99366",Port James,New Jersey,12395,Jordan
789,"719 Stephen Pass
New Jamesville, CA 14377",Port Graceside,Indiana,85431,Togo
790,"9663 Barnett Square
East Michael, IA 17050",New Shannonstad,Washington,10065,Honduras
791,"26599 Todd Skyway
Rosariomouth, AS 58900",Jenniferville,Rhode Island,8795,Nicaragua
792,"21236 Gonzales Village Suite 705
West Joshuafort, MN 58901",West Mariaside,Nevada,66393,Bahamas
793,"0897 Reyes Common
Ryanstad, GA 08542",Lake Jonborough,North Carolina,74133,Yemen
794,"897 Valdez Mission Apt. 318
Smithstad, NC 44745",New Bonnieburgh,Michigan,17921,Moldova
795,"63379 Brooks Way
North Amandachester, AR 43800",South Brendaberg,Idaho,96149,Bahamas
796,"1136 Thompson Green Apt. 969
Bernardberg, MP 16458",North Cynthia,Pennsylvania,67329,French Guiana
797,"9357 Katherine Plaza
Daniellehaven, AK 16372",Lake Andrew,Utah,74451,French Guiana
798,"8270 Duncan Plains Suite 774
Brianstad, PW 99746",New Hannah,Nebraska,82696,Lesotho
799,"7881 Mann Court Apt. 006
North Tammiemouth, MP 87403",East Williefurt,Pennsylvania,65625,Rwanda
800,"03601 Hector Ports Apt. 680
Samanthafort, UT 07167",Brownview,Washington,47539,Czech Republic
801,"777 Allen Plaza Apt. 147
East Denise, MP 91844",Katherineberg,Delaware,40048,Bermuda
802,"589 Kelly Rest Suite 941
Barrettburgh, OH 36183",Tylerberg,New Jersey,35363,Samoa
803,"33749 Laura Gardens Suite 656
Bennetttown, NV 83158",New Shari,Iowa,27430,Syrian Arab Republic
804,"7762 Kenneth Spur Suite 866
Jonesville, ME 76384",Victoriaview,Maine,14622,Burkina Faso
805,"1370 Alexander Motorway
Evansside, PR 08476",East Eric,North Carolina,25847,Antigua and Barbuda
806,"302 Nichols Vista
South Wayne, KS 89280",Humphreystad,Alabama,40707,Mauritania
807,"2855 Jones Shoal Suite 075
East Edwardville, NM 65791",Pattonfurt,Wyoming,55014,British Virgin Islands
808,"083 Sanchez Islands Suite 455
Fisherside, MS 63206",West Josephfurt,Virginia,30635,Pakistan
809,"USS Graham
FPO AA 41606",Webbfort,Arkansas,93691,Samoa
810,"3977 Katrina Plain Suite 537
Pamelaborough, OH 17490",Nathanielshire,Delaware,14223,Austria
811,"603 David Path Suite 542
West Devinville, AL 72965",Tiffanychester,New Hampshire,42075,Saint Kitts and Nevis
812,"806 Regina Flat
Adamsview, KY 54249",Matthewsview,Nevada,17594,Ecuador
813,"Unit 7825 Box 7759
DPO AA 81404",Nicholstown,Indiana,62102,Sudan
814,"56710 Thomas Stream
East Pamelaburgh, WY 84438",Lisachester,Alabama,39209,Russian Federation
815,"42185 Chandler Valleys
Joshuahaven, WY 71821",Josephland,Mississippi,22821,Argentina
816,"953 Timothy Course Suite 677
Joshuamouth, MS 20278",Wilsonview,Louisiana,83122,Swaziland
817,"4087 Martin Rapids Suite 811
Jasonmouth, DC 79580",Allentown,Kansas,29005,Netherlands
818,"61651 Hodges Vista
Wernerbury, PA 61460",Melissastad,Oregon,56702,Saint Kitts and Nevis
819,"01683 April Well Suite 559
South Susanstad, PW 28076",Amberchester,New Hampshire,79322,Wallis and Futuna
820,"68291 Benjamin Road
North Wendy, AR 07406",West Dillon,Rhode Island,70053,Barbados
821,"111 Juan Village Apt. 797
Albertview, NH 43810",West Sarahmouth,West Virginia,71178,Gibraltar
822,"241 Mary Road Apt. 763
Johnsonberg, AK 84963",Port Michael,Ohio,40063,Seychelles
823,"0970 Albert Mission Apt. 655
Josephmouth, WA 74524",Lake Mauriceville,North Dakota,44220,Holy See (Vatican City State)
824,"39689 Hansen Springs
Anthonyberg, MH 58500",South Donaldmouth,West Virginia,28363,Belize
825,"19955 Johnson Springs Suite 722
Welchhaven, NV 11055",Maychester,Oklahoma,54760,Ghana
826,"2938 Jenny Hills
Mariochester, MO 77295",South Troy,Louisiana,72552,Guyana
827,"15669 Brooke Run
Stewartfort, OR 83098",Jessicamouth,Nevada,15261,Jersey
828,"427 Boyle Fall
Frenchland, NJ 78226",Pittmanstad,Washington,85041,San Marino
829,"35521 Tyrone Island Apt. 280
West Nathan, NV 25593",North Dalton,Massachusetts,73650,Japan
830,"349 Delgado Manors
Mahoneyview, CT 60538",Lake Melissa,Kansas,60272,Senegal
831,"9910 Glenda Shores Suite 568
Laurenchester, TX 43262",Colemantown,Hawaii,32749,Western Sahara
832,"98832 Courtney Manor
Aaronbury, PR 66390",North David,Michigan,85047,Nigeria
833,"17492 Kyle Square
South Laurieside, MT 90800",West Carlos,Tennessee,31131,Heard Island and McDonald Islands
834,"976 Sandra Common Apt. 428
Cohenborough, AK 82471",Robertton,Pennsylvania,94255,Liechtenstein
835,"PSC 5333, Box 2648
APO AE 03202",Williamsfort,Florida,34100,Israel
836,"1225 Murray Brooks
Brittanyton, DC 26460",Mooreside,South Carolina,38846,Vanuatu
837,"40343 Brittany Center Suite 113
East Laura, MH 38731",North Marcusborough,Vermont,15810,United States Minor Outlying Islands
838,"3378 Kenneth Plains
West Johnhaven, NY 68258",Port Jacobborough,Arkansas,72191,Thailand
839,"0234 Frank Island Suite 263
Lake Dustinmouth, MA 07527",West Zachary,Oregon,92041,Canada
840,"832 Sanford Mews Suite 076
Mcgeeshire, ND 21453",Port Adrian,Illinois,54413,Guadeloupe
841,"499 Lee Way
Jofort, NE 82950",Joshuahaven,Maine,2509,Iraq
842,"457 Bowman River Apt. 221
Smithport, MA 77989",Coleview,North Dakota,1533,Sudan
843,"42278 Smith Islands Apt. 100
Cainland, OH 94046",Richardport,Tennessee,30781,France
844,"92820 Martinez Greens Suite 904
Loristad, MH 12588",West Deborahmouth,Nevada,56317,Ecuador
845,"17471 Glenn River
Edwardstad, VI 97739",Lake Derrickbury,Minnesota,789,Martinique
846,"9788 Spears Pass
West Lisa, PW 12184",Port Helenfurt,Utah,29032,Congo
847,"092 Skinner Shoal Apt. 106
Barrettmouth, IL 16213",New Lori,Pennsylvania,11963,Poland
848,"867 Gary Bridge Apt. 580
East Joannemouth, MT 61042",Port Andrew,Wisconsin,3944,Portugal
849,"4964 Garcia Hills
Sawyerside, WV 93088",North Amandaborough,Kentucky,85628,Saint Lucia
850,"USCGC Pratt
FPO AE 96310",Port Kennethport,Oklahoma,8030,Gibraltar
851,"789 Monica Highway
Samuelshire, PW 29310",Lake Richard,Wisconsin,28598,Tonga
852,"Unit 9928 Box 8378
DPO AP 17618",Colleenmouth,Nevada,6646,Cuba
853,"9428 Nicholas Mount
Monroeland, MT 17651",Suefurt,Montana,94837,Panama
854,"13866 Morgan Ville Apt. 036
West Chloe, CA 32048",North Robinside,Hawaii,958,San Marino
855,"621 Richard Cape Suite 727
North Davidborough, CT 18860",Dorseyberg,North Dakota,82028,Iraq
856,"46843 Parsons Road
Laurafort, DE 54515",Schultzmouth,Wyoming,47897,Canada
857,"135 Kevin Parkways
Shawnview, PA 18383",Hughestown,Maine,14178,Netherlands Antilles
858,"81046 Sean Spring Apt. 871
Lake Nicholaston, VI 82880",South Jared,Massachusetts,11123,Bouvet Island (Bouvetoya)
859,"384 Dalton Street Suite 296
Lake Mirandaland, CA 11317",Gilbertside,Nevada,23922,Brazil
860,"660 Brittany Freeway Apt. 747
North Madisonfurt, GU 04256",Sanchezstad,Alabama,40589,Western Sahara
861,"524 Michael Forge Suite 036
Barkermouth, WY 81528",Grossstad,Rhode Island,85617,New Zealand
862,"07378 Dawn Forest Apt. 251
Lake Austin, PR 90672",Victoriaberg,Maine,84476,Niue
863,"3315 Taylor Expressway
South Kevinborough, PW 04653",Jeffreyport,Virginia,26944,Colombia
864,"69678 Stephens Loaf Apt. 075
Joshuafurt, VT 66234",East Carla,South Carolina,59204,Gabon
865,"24391 Lisa Ramp
North Jason, FM 46111",Lake Patrick,Utah,90699,Grenada
866,"PSC 3685, Box 1803
APO AE 55676",South Monicamouth,North Dakota,49249,Myanmar
867,"17534 Mary Pass
Robinsonmouth, OK 47942",Carriefort,Tennessee,71186,British Indian Ocean Territory (Chagos Archipelago)
868,"73760 Lawrence Branch
Shieldsville, NJ 07404",Rebeccaville,Kentucky,57484,Djibouti
869,"90079 Evans Crossroad
West Carolville, WI 56316",North Jason,Kansas,17609,Christmas Island
870,"370 Frost Stream
East Lindaton, OR 41551",Thorntonshire,Texas,90477,Cambodia
871,"04548 Rubio Plains
Johnsonland, AZ 48077",South Kimberlybury,Missouri,46669,Bahamas
872,"47334 Hurst Knoll
Wadefort, NH 54402",Vargasville,Colorado,9616,Benin
873,"0943 Doyle Ferry
Brandonhaven, MH 61664",Johnsonside,Idaho,60535,Philippines
874,"479 Weber Squares
Williamsonchester, AZ 86016",Port Hannahfort,North Carolina,89416,Mauritius
875,"775 Sanchez Mills Apt. 749
New Barbarahaven, MH 79049",New Peterville,Connecticut,22062,Maldives
876,"71951 Brandon Light Apt. 166
Williamschester, PW 99565",New Sheilahaven,Delaware,93474,Morocco
877,"6703 Bruce Lights Apt. 452
New Seanbury, IL 05230",North John,New Hampshire,65722,Reunion
878,"673 Kelly Shores Suite 923
Nicholasburgh, ME 87865",Walkerbury,Louisiana,56972,Bouvet Island (Bouvetoya)
879,"98621 Hayes Valley
Ronaldside, PW 37575",Hunterchester,Alabama,65844,France
880,"18334 Flores Port Apt. 389
Miguelland, FM 68621",Amberhaven,Oklahoma,46624,Guyana
881,"2622 Thomas Path
Michelleville, NE 19674",North Waynehaven,Virginia,72163,Benin
882,"46455 Brian Islands Suite 152
East Sarachester, MA 91583",Granttown,Washington,44743,Gibraltar
883,"6025 Adam Key
West Darren, IN 80102",Watsonville,New York,94893,Bouvet Island (Bouvetoya)
884,"011 Hurst Vista Apt. 065
Port Destinyville, MP 43454",Patriciaview,Maryland,14639,Ecuador
885,"362 Logan Mission
Edwardborough, MD 87284",East Denniston,New Jersey,91766,Malta
886,"40839 Lisa Ford
Robertside, AK 98766",East Justinmouth,Kentucky,46542,Cambodia
887,"85304 Autumn Port
Lake Derek, AL 11535",Juliefurt,Alaska,4470,Israel
888,"29570 Castillo Valleys Apt. 519
Lake Kevinfort, PR 05063",Goldenmouth,Texas,13352,Cook Islands
889,"648 Kelly Mount Suite 439
Perezview, AR 87506",Stephanieside,Washington,78113,Cayman Islands
890,"30577 Ashley Viaduct
Kimberlyville, MD 82995",Mackport,Indiana,48560,Trinidad and Tobago
891,"48577 Bond Burg
Hallmouth, CA 84907",Nortonbury,California,52104,Bulgaria
892,"81450 James Circle
New Davidburgh, MA 66099",Michaelview,Missouri,73897,Pakistan
893,"62613 Theresa Harbor Apt. 180
West David, ID 01684",South Douglas,Hawaii,75332,Bermuda
894,"90554 Tiffany Shores Suite 345
Whitechester, LA 77487",North Patriciaside,Florida,36808,Central African Republic
895,"8150 Mack Courts
Griffinhaven, FL 95387",Gregoryfurt,Maine,6909,Belarus
896,"815 Martin Well Apt. 035
West Kim, CA 77888",Lake Ann,Oklahoma,12751,Japan
897,"542 Reese Prairie Suite 549
Williamsstad, NJ 17171",Jacobchester,Oregon,43637,Nigeria
898,"97851 Hamilton Expressway Suite 345
Petersonhaven, CO 84287",Arnoldfurt,Florida,67615,Burkina Faso
899,"64813 Ann Causeway Apt. 428
New Traciton, NH 33004",East Paulaland,Idaho,56019,French Guiana
900,"624 Parrish Forges Suite 317
Goodmanmouth, NJ 59213",Turnerberg,South Dakota,7570,Gambia
901,"24574 Braun Fields Suite 489
North Heatherside, PA 00762",North Shawnhaven,North Carolina,74266,Turks and Caicos Islands
902,"6316 Smith Key Apt. 917
Lake Christian, VI 05122",South Julie,Wisconsin,57230,Cape Verde
903,"2088 Kelsey Island Suite 386
Wallacestad, UT 81263",Port Brendahaven,Alaska,68410,Singapore
904,"33083 Michael Crossroad Suite 636
Mercadoville, NV 40084",East Robertstad,Washington,14033,Latvia
905,"4551 Foster Plaza Suite 336
Dillonshire, LA 86718",Riggsland,Nebraska,24865,Micronesia
906,"9399 Jeremy Flat Apt. 943
South Craigton, IA 39644",Lake Nathanielchester,Washington,10621,Cook Islands
907,"81214 Jackie Glen
West Natasha, AS 14900",Stevenland,Connecticut,62656,Paraguay
908,"7467 Campbell Streets
Hoganburgh, PW 75500",West Christine,Kentucky,77215,South Georgia and the South Sandwich Islands
909,"Unit 9759 Box 1630
DPO AE 48618",North Brandon,New York,3831,Greenland
910,"068 Hill Street
Martinstad, SD 01824",Lake Timothyton,Pennsylvania,61031,Italy
911,"14112 Walker Keys Suite 771
East Davidmouth, IN 33227",Port Jeromeshire,Florida,28171,Malaysia
912,"36258 Hughes Ports
Justinhaven, MO 23873",Dianafurt,Rhode Island,15111,Venezuela
913,"63858 Jones Crossroad
North Davidport, OK 56187",Lake Ryan,Ohio,66988,Poland
914,"543 Skinner Shores
North Rebecca, ID 87740",Clarkshire,Vermont,73290,Andorra
915,"Unit 1236 Box 6339
DPO AP 00616",Amyport,South Carolina,37764,Sri Lanka
916,"0884 Lawrence Fort
Dorseyhaven, IA 25195",Lucaschester,Florida,66573,Ethiopia
917,"87283 Jason Turnpike
Andreaburgh, IA 40997",Adrianahaven,Maine,90238,Bhutan
918,"17373 Julia Pike Suite 466
Piercemouth, TN 72006",Davidburgh,Arkansas,54175,Guatemala
919,"57788 Nicole Motorway Suite 456
East Destiny, AK 88285",Mcleanport,Virginia,10045,China
920,"095 Gonzalez Wells
West Haileyberg, MT 82687",Jamieshire,New Mexico,60050,Bahamas
921,"3369 Stephen Flats Suite 818
Victoriatown, NC 97561",North Michelle,Georgia,63013,Estonia
922,"5560 Brian Park Apt. 348
Beckerstad, ME 57745",Gentrybury,New Jersey,17039,Estonia
923,"12782 Megan Station
Carolshire, TX 31108",Robertview,New Mexico,25412,Uzbekistan
924,"241 Gomez Stream
Timothyshire, SD 66671",East Tristanville,North Dakota,97191,Nepal
925,"Unit 9808 Box 1871
DPO AA 23299",Jaredborough,New Mexico,59733,Cayman Islands
926,"39145 Martinez Village
Lopezbury, NC 28767",South Vickiside,New Mexico,1417,Kenya
927,"689 Anderson Track Suite 889
West John, MO 06686",Suzanneside,Ohio,7149,Oman
928,"81192 Rose Lodge
Derrickfort, GU 27586",Lauramouth,South Dakota,1698,Mauritius
929,"129 Shepherd Overpass
Loriburgh, WV 10539",Cynthiaside,North Carolina,39480,Pitcairn Islands
930,"4055 Dixon Bridge
Anneborough, NH 03966",South Brandiview,Arkansas,91320,Turkey
931,"726 Reyes Orchard Suite 721
Jenkinston, VI 84586",Mitchellberg,Illinois,81164,Isle of Man
932,"85311 Hopkins Path Suite 472
Griffinburgh, VI 48939",Lake Angelaport,Oregon,57270,Hong Kong
933,"3676 Jay Island
Port Nancybury, WA 69134",Humphreyton,New Mexico,67578,Solomon Islands
934,"49365 Shah Stream Apt. 822
Evanstown, IL 90935",New Carolynbury,Texas,69080,Greece
935,"47619 Sara Wells Apt. 982
Port Jason, MA 90021",West Angelica,Montana,54352,Brunei Darussalam
936,"8332 Odom Port
Smithhaven, HI 20412",New Benjamintown,Iowa,37835,Malawi
937,"0835 Holt Row Apt. 615
East Phillip, NY 27814",West Justinport,Maine,89523,Azerbaijan
938,"PSC 0280, Box 6933
APO AA 68801",North Dennisland,Washington,19985,British Indian Ocean Territory (Chagos Archipelago)
939,"64831 Reed Throughway
North Stephanie, AK 54669",South Matthewport,Wyoming,92624,North Macedonia
940,"8406 Christopher Street Suite 717
Darinmouth, TN 98690",West David,Maryland,42652,Kenya
941,"825 Scott Burg
South Aliciashire, IA 81003",East Oliviaberg,Connecticut,31952,Panama
942,"859 Parker Forest Suite 591
Smithchester, OR 40398",West Thomas,Indiana,34506,Faroe Islands
943,"835 Kayla Heights
Gonzalezland, MN 59629",North Mario,South Carolina,29316,Venezuela
944,"25349 Riggs Inlet
West Pamela, CO 84949",Port Arthur,Nebraska,85623,Uzbekistan
945,"6565 Luis Vista Apt. 127
West Patriciaburgh, MH 86638",Elizabethport,Massachusetts,74560,Liechtenstein
946,"208 Fuentes Circle Suite 283
Kentfort, DE 56539",Hooverville,South Dakota,97744,Guyana
947,"4123 Ross Springs Suite 993
East Mary, GU 10179",Lake Anthony,Connecticut,60049,Cayman Islands
948,"0475 Carolyn Island Suite 292
New Albertmouth, IA 61525",Ramirezton,Washington,53796,Marshall Islands
949,"9599 Hall Prairie Suite 877
Julieside, MD 92474",West Josephberg,North Carolina,24982,Iceland
950,"9553 Cooper Dam Suite 561
Port Carlland, WI 08984",Port Michaelhaven,Indiana,80471,Guinea
951,"9256 Richard Coves Apt. 460
West David, CT 79346",Colliertown,Massachusetts,47600,British Indian Ocean Territory (Chagos Archipelago)
952,"8355 Simon Camp
North Kristen, NC 27608",Johnnyton,New Hampshire,53616,Grenada
953,"49288 Margaret Wall
Adamschester, NY 83267",Port Christopher,New Mexico,54994,Morocco
954,"451 Jennifer Expressway
Wallaceshire, CT 52073",North Joshuastad,Ohio,7129,Myanmar
955,"235 Jacob Spur Suite 241
Jessicafurt, PA 98974",Matthewfurt,Pennsylvania,35081,Portugal
956,"50560 Rhodes Isle
Erikashire, IN 44775",Georgeberg,Nevada,67175,Aruba
957,"5292 Lawson Wells Apt. 539
Port Henrytown, TX 54097",West Michaelview,Arizona,74921,Honduras
958,"65250 Ronald Inlet
North Kimberlyburgh, CO 34705",Port Adrian,Texas,744,Korea
959,"16131 Paul Curve Suite 565
North Loretta, MT 49507",Lake Angelaburgh,Oregon,21674,Tajikistan
960,"1000 Taylor Camp Apt. 723
West Christopherborough, GU 03646",Gabrielport,Maryland,47368,Dominican Republic
961,"902 Knight Causeway Apt. 677
Hutchinsonshire, MP 71733",Hunterstad,Utah,92260,Brunei Darussalam
962,"0800 Jill Loaf Suite 070
Claytonfort, ND 40528",North Ethan,Kentucky,37958,Sweden
963,"4813 Michael Walks
West Paul, ID 64683",Chungport,Alabama,25821,Wallis and Futuna
964,"14124 Zhang Flat
Port Jessica, VI 40649",Joelport,Texas,69831,Tunisia
965,"3553 Cooper Parkways
Lake Dawnburgh, ND 94905",South Michaelmouth,New Hampshire,9675,Belgium
966,"55461 Nelson Alley
New Kyle, HI 16388",Campbellmouth,Washington,75027,Morocco
967,"095 Moses Cliff
Johnmouth, NM 87156",New Rachel,Arkansas,90433,Iceland
968,"03876 Erika Burg
Richardton, UT 77427",Rayhaven,South Dakota,98204,Mauritania
969,"61104 Taylor Mountain Suite 519
East Alyssaview, DC 75683",Davisland,Washington,73132,Haiti
970,"16479 Elizabeth Manors
North Jeffburgh, RI 32629",East Lisafurt,Connecticut,86368,Macao
971,"Unit 0637 Box 5040
DPO AA 91465",Derrickstad,Idaho,1497,Tunisia
972,"882 Suzanne Heights
New Lawrencehaven, MD 25333",Lauraton,Washington,84436,Saint Lucia
973,"649 Steven Stream
Amandaview, ID 41363",Lake Courtney,North Carolina,59521,Falkland Islands (Malvinas)
974,"267 Michael Corner
Cookberg, IL 68587",Weaverberg,Mississippi,70766,Slovenia
975,"PSC 9677, Box 8067
APO AE 03046",Churchmouth,Pennsylvania,11848,Mauritania
976,"679 Gonzalez Ville Apt. 084
West Eric, TX 80411",New Heathershire,Utah,82062,Slovakia (Slovak Republic)
977,"967 Baxter Walks
Lake Ryanfurt, VA 79142",Dukebury,Ohio,85607,Austria
978,"355 Parker Court
Johnsonchester, UT 70070",Snydermouth,Arkansas,82948,Ireland
979,"32513 Hull Crescent Suite 892
Jonesport, OR 57295",Lake Kaitlynbury,Rhode Island,45837,Saint Barthelemy
980,"739 Brian Spurs
Port Jamiehaven, AZ 82233",Susanbury,Texas,23612,Vanuatu
981,"599 Floyd Centers Apt. 415
South Alexisstad, CA 36139",East Kevin,Louisiana,53419,Tajikistan
982,"4466 Gray Island
Bethanyport, MH 98171",South Darlene,Texas,81140,United Arab Emirates
983,"954 Myers Brook
Lake Christianhaven, DC 08775",Kyletown,Hawaii,46149,Oman
984,"440 Carson Port Suite 634
Lake Heather, MA 22883",West Danielle,South Carolina,17863,Iran
985,"75333 Clayton Forges Apt. 292
Lake Matthew, DE 67330",Whitemouth,Arkansas,24756,Japan
986,"426 Amy Islands
Collinsberg, MT 21928",South Stephanie,Indiana,54502,Timor-Leste
987,"01490 Lopez Garden
Port Adamton, ND 35200",Thompsonfort,South Dakota,78892,Pakistan
988,"875 Duarte Knolls
Garciamouth, TX 16464",Jonathanport,Utah,26856,Western Sahara
